sample_name,frame_idx,channel,num_bands,target_bits,sideinfo_bits,tonal_bits,gain_bits,extra_bits,residual_bits,actual_bits_used,complexity_score,num_tonals,tonal_candidate_count,tonal_promoted_count,transient_flag_raw,transient_triggered,attack_ratio,matrix_index,weight_idx,gain_points_per_band,energies
chirp_20_20k_5s,1,0,1,1536,23,5,9,9,0,0,0,0,0,0,0,0,0,3,0;0;0;0,0;0;0;0,1.401298464324817e-44;0;0;0;0;0;0;0
chirp_20_20k_5s,1,1,1,1536,23,5,9,9,0,0,0,0,0,0,0,0,1,3,0;0;0;0,0;0;0;0,1.401298464324817e-44;6;3;3;3;0;0;0
chirp_20_20k_5s,2,0,1,1536,41,5,9,27,0,0,0,0,0,0,0,0,1,3,0;0;0;0,0;0;0;0,1.401298464324817e-44;6;3;3;3;0;0;0
chirp_20_20k_5s,2,1,1,1536,41,5,9,27,0,0,0,0,0,0,0,0,1,3,0;0;0;0,0;0;0;0,1.401298464324817e-44;6;0.699999988079071;0.699999988079071;0.699999988079071;0.699999988079071;0.699999988079071;0.699999988079071
chirp_20_20k_5s,3,0,19,1536,1528,265,1227,36,1044,1122,78,0,2,0,0,0,1,3,16;36;36;35,7;7;7;7,1.401298464324817e-44;6;0.699999988079071;0.699999988079071;0.699999988079071;0.699999988079071;0.699999988079071;0.699999988079071
chirp_20_20k_5s,3,1,19,1536,1528,265,1227,36,1044,1122,78,0,2,0,0,0,0.903867113613012,3,16;36;36;35,7;7;7;7,1.401298464324817e-44;15.934847831726074;9.934847831726074;8.268181800842285;6.934848308563232;6.268181324005127;5.60151481628418;4.934848308563232
chirp_20_20k_5s,4,0,26,1536,914,337,568,9,282,484,202,0,2,0,0,0,0.903867113613012,3,20;13;24;15,7;7;7;7,1.401298464324817e-44;15.934847831726074;9.934847831726074;8.268181800842285;6.934848308563232;6.268181324005127;5.60151481628418;4.934848308563232
chirp_20_20k_5s,4,1,26,1536,914,337,568,9,282,484,202,0,2,0,0,0,0.8890989234649775,3,20;13;24;15,7;7;7;7,1.401298464324817e-44;18.034090042114258;16.034090042114258;7.7007575035095215;4.367424011230469;2.367424249649048;1.3674242496490479;0.7007575631141663
chirp_20_20k_5s,5,0,26,1536,936,409,518,9,244,434,190,0,2,0,0,0,0.8890989234649775,3,4;18;25;19,0;7;7;7,1.401298464324817e-44;18.034090042114258;16.034090042114258;7.7007575035095215;4.367424011230469;2.367424249649048;1.3674242496490479;0.7007575631141663
chirp_20_20k_5s,5,1,26,1536,936,409,518,9,244,434,190,0,2,0,0,0,1.3498509434244197,3,4;18;25;19,0;7;7;7,1.401298464324817e-44;13.339015007019043;18.00568199157715;10.339015007019043;5.672348499298096;2.6723484992980957;1.3390151262283325;1.0056818723678589
chirp_20_20k_5s,6,0,26,1536,1028,409,610,9,338,526,188,0,2,0,0,0,1.3498509434244197,3,24;18;10;26,7;7;7;7,1.401298464324817e-44;13.339015007019043;18.00568199157715;10.339015007019043;5.672348499298096;2.6723484992980957;1.3390151262283325;1.0056818723678589
chirp_20_20k_5s,6,1,26,1536,1028,409,610,9,338,526,188,0,2,0,0,0,1.6417779973375943,3,24;18;10;26,7;7;7;7,1.401298464324817e-44;10.907196998596191;17.907196044921875;14.573863983154297;7.907196998596191;4.573863506317139;2.9071969985961914;1.5738636255264282
chirp_20_20k_5s,7,0,26,1536,1097,409,679,9,368,595,227,0,2,0,0,0,1.6417779973375943,3,24;16;21;27,7;7;7;7,1.401298464324817e-44;10.907196998596191;17.907196044921875;14.573863983154297;7.907196998596191;4.573863506317139;2.9071969985961914;1.5738636255264282
chirp_20_20k_5s,7,1,26,1536,1097,409,679,9,368,595,227,0,2,0,0,1,2.2954783256393676,3,24;16;21;27,7;7;7;7,1.401298464324817e-44;7.204545497894287;16.537878036499023;17.871212005615234;11.871212005615234;5.871212005615234;3.5378787517547607;2.204545497894287
chirp_20_20k_5s,8,0,7,1536,818,409,400,9,312,373,61,0,2,0,0,1,2.2954783256393676,3,17;23;18;16,7;7;7;7,1.401298464324817e-44;7.204545497894287;16.537878036499023;17.871212005615234;11.871212005615234;5.871212005615234;3.5378787517547607;2.204545497894287
chirp_20_20k_5s,8,1,7,1536,818,409,400,9,312,373,61,0,2,0,0,0,1.8191288312276204,3,17;23;18;16,7;7;7;7,1.401298464324817e-44;6;10.914772987365723;17.581439971923828;17.248106002807617;7.914772987365723;4.248106002807617;1.9147727489471436
chirp_20_20k_5s,9,0,26,1536,1155,409,737,9,384,653,269,0,2,0,0,0,1.8191288312276204,3,14;23;3;20,7;7;0;7,1.401298464324817e-44;6;10.914772987365723;17.581439971923828;17.248106002807617;7.914772987365723;4.248106002807617;1.9147727489471436
chirp_20_20k_5s,9,1,26,1536,1155,409,737,9,384,653,269,0,2,0,0,0,1.9301807757794296,3,14;23;3;20,7;7;0;7,1.401298464324817e-44;6;6.808712005615234;13.142045021057129;17.808712005615234;11.47537899017334;6.142045497894287;3.4753787517547607
chirp_20_20k_5s,10,0,26,1536,1322,409,904,9,453,820,367,0,2,0,0,0,1.9301807757794296,3,13;18;23;20,7;7;7;7,1.401298464324817e-44;6;6.808712005615234;13.142045021057129;17.808712005615234;11.47537899017334;6.142045497894287;3.4753787517547607
chirp_20_20k_5s,10,1,26,1536,1322,409,904,9,453,820,367,0,2,0,0,0,1.989134552545509,3,13;18;23;20,7;7;7;7,1.401298464324817e-44;6;5.054924011230469;10.054924011230469;17.721590042114258;17.05492401123047;8.721590995788574;5.054924011230469
chirp_20_20k_5s,11,0,25,1536,1197,409,779,9,428,698,270,0,2,0,0,0,1.989134552545509,3,7;12;22;6,7;7;7;7,1.401298464324817e-44;6;5.054924011230469;10.054924011230469;17.721590042114258;17.05492401123047;8.721590995788574;5.054924011230469
chirp_20_20k_5s,11,1,25,1536,1197,409,779,9,428,698,270,0,2,0,0,1,2.1344857658094685,3,7;12;22;6,7;7;7;7,1.401298464324817e-44;6;3.1306817531585693;6.464015007019043;13.797348022460938;17.797348022460938;13.464015007019043;5.797348499298096
chirp_20_20k_5s,12,0,25,1536,1191,409,773,9,430,692,262,0,2,0,0,1,2.1344857658094685,3,7;11;17;29,7;7;7;7,1.401298464324817e-44;6;3.1306817531585693;6.464015007019043;13.797348022460938;17.797348022460938;13.464015007019043;5.797348499298096
chirp_20_20k_5s,12,1,25,1536,1191,409,773,9,430,692,262,0,2,0,0,0,1.9497085977969226,3,7;11;17;29,7;7;7;7,1.401298464324817e-44;6;3;4.77462100982666;8.77462100982666;17.107954025268555;17.441287994384766;8.441287994384766
chirp_20_20k_5s,13,0,25,1536,1314,409,896,9,488,815,327,0,2,0,0,0,1.9497085977969226,3,7;10;15;23,7;7;7;7,1.401298464324817e-44;6;3;4.77462100982666;8.77462100982666;17.107954025268555;17.441287994384766;8.441287994384766
chirp_20_20k_5s,13,1,25,1536,1314,409,896,9,488,815,327,0,2,0,0,0,1.941176516439633,3,7;10;15;23,7;7;7;7,1.401298464324817e-44;6;3;4.0625;6.729166507720947;13.0625;17.72916603088379;14.0625
chirp_20_20k_5s,14,0,10,1536,987,409,569,9,361,533,172,0,2,0,0,0,1.941176516439633,3,3;6;11;17,0;7;7;7,1.401298464324817e-44;6;3;4.0625;6.729166507720947;13.0625;17.72916603088379;14.0625
chirp_20_20k_5s,14,1,10,1536,987,409,569,9,361,533,172,0,2,0,0,0,1.9145708856925334,3,3;6;11;17,0;7;7;7,1.401298464324817e-44;6;3;3;4.778409004211426;9.11174201965332;17.44507598876953;17.778409957885742
chirp_20_20k_5s,15,0,25,1536,1146,409,728,9,373,647,274,0,2,0,0,0,1.9145708856925334,3,1;1;7;13,0;0;7;7,1.401298464324817e-44;6;3;3;4.778409004211426;9.11174201965332;17.44507598876953;17.778409957885742
chirp_20_20k_5s,15,1,25,1536,1146,409,728,9,373,647,274,0,2,0,0,0,1.870329588392683,3,1;1;7;13,0;0;7;7,1.401298464324817e-44;6;3;3;3.446969747543335;6.446969509124756;11.446969985961914;17.113636016845703
chirp_20_20k_5s,16,0,25,1536,1245,409,827,9,448,746,298,0,2,0,0,0,1.870329588392683,3,2;4;8;11,0;0;7;7,1.401298464324817e-44;6;3;3;3.446969747543335;6.446969509124756;11.446969985961914;17.113636016845703
chirp_20_20k_5s,16,1,25,1536,1245,409,827,9,448,746,298,0,2,0,0,0,2,3,2;4;8;11,0;0;7;7,1.401298464324817e-44;6;3;3;3;4.666666507720947;8;16
chirp_20_20k_5s,17,0,25,1536,1107,409,689,9,381,608,227,0,2,0,0,0,2,3,0;2;4;8,0;0;0;7,1.401298464324817e-44;6;3;3;3;4.666666507720947;8;16
chirp_20_20k_5s,17,1,25,1536,1107,409,689,9,381,608,227,0,2,0,0,1,2.2185954868334155,3,0;2;4;8,0;0;0;7,1.401298464324817e-44;6;3;3;3;3.0776515007019043;5.744318008422852;12.744318008422852
chirp_20_20k_5s,18,0,25,1536,1217,409,799,9,369,718,349,0,2,0,0,1,2.2185954868334155,3,0;0;0;4,0;0;0;0,1.401298464324817e-44;6;3;3;3;3.0776515007019043;5.744318008422852;12.744318008422852
chirp_20_20k_5s,18,1,25,1536,1217,409,799,9,369,718,349,0,2,0,0,1,2.1022965539503025,3,0;0;0;4,0;0;0;0,1.401298464324817e-44;6;3;3;3;1.8143938779830933;3.814393997192383;7.48106050491333
chirp_20_20k_5s,19,0,11,1536,958,409,540,9,377,501,124,0,2,0,0,1,2.1022965539503025,3,0;1;1;3,0;0;0;0,1.401298464324817e-44;6;3;3;3;1.8143938779830933;3.814393997192383;7.48106050491333
chirp_20_20k_5s,19,1,11,1536,958,409,540,9,377,501,124,0,2,0,0,0,1.6817930706816113,3,0;1;1;3,0;0;0;0,1.401298464324817e-44;6;3;3;3;2.089015245437622;3.4223484992980957;5.755681991577148
chirp_20_20k_5s,20,0,24,1536,1176,409,758,9,420,680,260,0,2,0,0,0,1.6817930706816113,3,0;0;1;3,0;0;0;0,1.401298464324817e-44;6;3;3;3;2.089015245437622;3.4223484992980957;5.755681991577148
chirp_20_20k_5s,20,1,24,1536,1176,409,758,9,420,680,260,0,2,0,0,0,1.9643833962854151,3,0;0;1;3,0;0;0;0,1.401298464324817e-44;6;3;3;3;1.4071969985961914;2.0738637447357178;4.073863506317139
chirp_20_20k_5s,21,0,24,1536,1032,409,614,9,329,536,207,0,2,0,0,0,1.9643833962854151,3,0;0;0;0,0;0;0;0,1.401298464324817e-44;6;3;3;3;1.4071969985961914;2.0738637447357178;4.073863506317139
chirp_20_20k_5s,21,1,24,1536,1032,409,614,9,329,536,207,0,2,0,0,1,4.410852825231163,3,0;0;0;0,0;0;0;0,1.401298464324817e-44;6;3;3;3;-0.8446969985961914;0.4886363446712494;2.1553030014038086
chirp_20_20k_5s,22,0,24,1536,1175,409,757,9,380,679,299,0,2,0,0,1,4.410852825231163,3,0;0;0;0,0;0;0;0,1.401298464324817e-44;6;3;3;3;-0.8446969985961914;0.4886363446712494;2.1553030014038086
chirp_20_20k_5s,22,1,24,1536,1175,409,757,9,380,679,299,0,2,0,0,0,1.9513513968685763,3,0;0;0;0,0;0;0;0,1.401298464324817e-44;6;3;3;3;0.7007575631141663;1.3674242496490479;2.367424249649048
chirp_20_20k_5s,23,0,24,1536,1183,409,765,9,439,687,248,0,2,0,0,0,1.9513513968685763,3,0;0;0;1,0;0;0;0,1.401298464324817e-44;6;3;3;3;0.7007575631141663;1.3674242496490479;2.367424249649048
chirp_20_20k_5s,23,1,24,1536,1183,409,765,9,439,687,248,0,2,0,0,1,14.037044745663685,3,0;0;0;1,0;0;0;0,1.401298464324817e-44;6;3;3;3;0.051136333495378494;0.7178030014038086;1.3844696283340454
chirp_20_20k_5s,24,0,24,1536,1081,409,663,9,358,585,227,0,2,0,0,1,14.037044745663685,3,0;0;0;0,0;0;0;0,1.401298464324817e-44;6;3;3;3;0.051136333495378494;0.7178030014038086;1.3844696283340454
chirp_20_20k_5s,24,1,24,1536,1081,409,663,9,358,585,227,0,2,0,0,0,1.02298820949578,3,0;0;0;0,0;0;0;0,1.401298464324817e-44;6;3;3;3;-0.49810609221458435;-0.16477274894714355;0.16856057941913605
chirp_20_20k_5s,25,0,13,1536,934,409,516,9,309,471,162,0,2,0,0,0,1.02298820949578,3,0;0;0;0,0;0;0;0,1.401298464324817e-44;6;3;3;3;-0.49810609221458435;-0.16477274894714355;0.16856057941913605
chirp_20_20k_5s,25,1,13,1536,934,409,516,9,309,471,162,0,2,0,0,0,1,3,0;0;0;0,0;0;0;0,1.401298464324817e-44;6;3;3;3;-0.8920454382896423;-0.22537875175476074;0.10795458406209946
chirp_20_20k_5s,26,0,23,1536,1146,409,728,9,373,653,280,0,2,0,0,0,1,3,0;0;0;1,0;0;0;0,1.401298464324817e-44;6;3;3;3;-0.8920454382896423;-0.22537875175476074;0.10795458406209946
chirp_20_20k_5s,26,1,23,1536,1146,409,728,9,373,653,280,0,2,0,0,0,1,3,0;0;0;1,0;0;0;0,1.401298464324817e-44;6;3;3;3;-0.6401515007019043;-0.9734848141670227;0.026515165343880653
chirp_20_20k_5s,27,0,23,1536,1108,409,690,9,383,615,232,0,2,0,0,0,1,3,0;0;0;0,0;0;0;0,1.401298464324817e-44;6;3;3;3;-0.6401515007019043;-0.9734848141670227;0.026515165343880653
chirp_20_20k_5s,27,1,23,1536,1108,409,690,9,383,615,232,0,2,0,0,0,1,3,0;0;0;0,0;0;0;0,1.401298464324817e-44;6;3;3;3;-0.875;-0.875;-0.2083333283662796
chirp_20_20k_5s,28,0,23,1536,1115,409,697,9,347,622,275,0,2,0,0,0,1,3,0;0;0;0,0;0;0;0,1.401298464324817e-44;6;3;3;3;-0.875;-0.875;-0.2083333283662796
chirp_20_20k_5s,28,1,23,1536,1115,409,697,9,347,622,275,0,2,0,0,0,1,3,0;0;0;0,0;0;0;0,1.401298464324817e-44;6;3;3;3;-0.875;-0.5416666865348816;-0.5416666865348816
chirp_20_20k_5s,29,0,23,1536,1215,409,797,9,370,722,352,0,2,0,0,0,1,3,0;0;0;0,0;0;0;0,1.401298464324817e-44;6;3;3;3;-0.875;-0.5416666865348816;-0.5416666865348816
chirp_20_20k_5s,29,1,23,1536,1215,409,797,9,370,722,352,0,2,0,0,0,1,3,0;0;0;0,0;0;0;0,1.401298464324817e-44;6;3;3;3;-0.9715909361839294;-0.9715909361839294;-0.6382575631141663
chirp_20_20k_5s,30,0,23,1536,1135,409,717,9,376,642,266,0,2,0,0,0,1,3,0;0;0;0,0;0;0;0,1.401298464324817e-44;6;3;3;3;-0.9715909361839294;-0.9715909361839294;-0.6382575631141663
chirp_20_20k_5s,30,1,23,1536,1135,409,717,9,376,642,266,0,2,0,0,0,1,3,0;0;0;0,0;0;0;0,1.401298464324817e-44;6;3;3;3;-0.9053030014038086;-0.2386363297700882;-0.9053030014038086
chirp_20_20k_5s,31,0,23,1536,1100,409,682,9,392,607,215,0,2,0,0,0,1,3,0;0;0;0,0;0;0;0,1.401298464324817e-44;6;3;3;3;-0.9053030014038086;-0.2386363297700882;-0.9053030014038086
chirp_20_20k_5s,31,1,23,1536,1100,409,682,9,392,607,215,0,2,0,0,0,1,3,0;0;0;0,0;0;0;0,1.401298464324817e-44;6;3;3;3;-0.8465909361839294;-0.8465909361839294;-0.8465909361839294
chirp_20_20k_5s,32,0,23,1536,1408,409,990,9,460,915,455,0,2,0,0,0,1,3,0;0;0;0,0;0;0;0,1.401298464324817e-44;6;3;3;3;-0.8465909361839294;-0.8465909361839294;-0.8465909361839294
chirp_20_20k_5s,32,1,23,1536,1408,409,990,9,460,915,455,0,2,0,0,0,1,3,0;0;0;0,0;0;0;0,1.401298464324817e-44;6;3;3;3;-0.9545454382896423;-0.9545454382896423;-0.9545454382896423
chirp_20_20k_5s,33,0,15,1536,1415,793,613,9,324,562,238,0,2,0,0,0,1,3,0;0;0;0,0;0;0;0,1.401298464324817e-44;6;3;3;3;-0.9545454382896423;-0.9545454382896423;-0.9545454382896423
chirp_20_20k_5s,33,1,15,1536,1415,793,613,9,324,562,238,0,2,0,0,0,1,3,0;0;0;0,0;0;0;0,1.401298464324817e-44;6;3;3;3;-0.9715909361839294;-0.9715909361839294;-0.9715909361839294
chirp_20_20k_5s,34,0,15,1536,1312,793,510,9,328,459,131,0,2,0,0,0,1,3,0;0;0;0,0;0;0;0,1.401298464324817e-44;6;3;3;3;-0.9715909361839294;-0.9715909361839294;-0.9715909361839294
chirp_20_20k_5s,34,1,15,1536,1312,793,510,9,328,459,131,0,2,0,0,0,1,3,0;0;0;0,0;0;0;0,1.401298464324817e-44;6;3;3;3;-0.8674242496490479;-0.8674242496490479;-0.8674242496490479
chirp_20_20k_5s,35,0,15,1536,1322,793,520,9,347,469,122,0,2,0,0,0,1,3,0;0;0;0,0;0;0;0,1.401298464324817e-44;6;3;3;3;-0.8674242496490479;-0.8674242496490479;-0.8674242496490479
chirp_20_20k_5s,35,1,15,1536,1322,793,520,9,347,469,122,0,2,0,0,0,1,3,0;0;0;0,0;0;0;0,1.401298464324817e-44;6;3;3;3;-0.9147727489471436;-0.9147727489471436;-0.9147727489471436
chirp_20_20k_5s,36,0,16,1536,1447,793,645,9,363,591,228,0,2,0,0,0,1,3,0;1;0;0,0;0;0;0,1.401298464324817e-44;6;3;3;3;-0.9147727489471436;-0.9147727489471436;-0.9147727489471436
chirp_20_20k_5s,36,1,16,1536,1447,793,645,9,363,591,228,0,2,0,0,0,1,3,0;1;0;0,0;0;0;0,1.401298464324817e-44;6;3;3;3;-0.6458333134651184;-0.9791666865348816;-0.9791666865348816
chirp_20_20k_5s,37,0,15,1536,1202,793,400,9,251,349,98,0,2,0,0,0,1,3,0;0;0;0,0;0;0;0,1.401298464324817e-44;6;3;3;3;-0.6458333134651184;-0.9791666865348816;-0.9791666865348816
chirp_20_20k_5s,37,1,15,1536,1202,793,400,9,251,349,98,0,2,0,0,0,1,3,0;0;0;0,0;0;0;0,1.401298464324817e-44;6;3;3;3;-0.863636314868927;-0.863636314868927;-0.863636314868927
chirp_20_20k_5s,38,0,16,1536,1320,793,518,9,349,464,115,0,2,0,0,0,1,3,0;0;0;0,0;0;0;0,1.401298464324817e-44;6;3;3;3;-0.863636314868927;-0.863636314868927;-0.863636314868927
chirp_20_20k_5s,38,1,16,1536,1320,793,518,9,349,464,115,0,2,0,0,0,1,3,0;0;0;0,0;0;0;0,1.401298464324817e-44;6;3;3;3;-0.9337120652198792;-0.9337120652198792;-0.9337120652198792
chirp_20_20k_5s,39,0,17,1536,1489,793,687,9,352,630,278,0,2,0,0,0,1,3,0;0;0;0,0;0;0;0,1.401298464324817e-44;6;3;3;3;-0.9337120652198792;-0.9337120652198792;-0.9337120652198792
chirp_20_20k_5s,39,1,17,1536,1489,793,687,9,352,630,278,0,2,0,0,0,1,3,0;0;0;0,0;0;0;0,1.401298464324817e-44;6;3;3;3;-1.0170453786849976;-1.0170453786849976;-1.0170453786849976
chirp_20_20k_5s,40,0,17,1536,1465,793,663,9,318,606,288,0,2,0,0,0,1,3,0;0;0;0,0;0;0;0,1.401298464324817e-44;6;3;3;3;-1.0170453786849976;-1.0170453786849976;-1.0170453786849976
chirp_20_20k_5s,40,1,17,1536,1465,793,663,9,318,606,288,0,2,0,0,0,1,3,0;0;0;0,0;0;0;0,1.401298464324817e-44;6;3;3;3;-0.8939394354820251;-0.8939394354820251;-0.8939394354820251
chirp_20_20k_5s,41,0,17,1536,1378,793,576,9,311,519,208,0,2,0,0,0,1,3,0;0;0;0,0;0;0;0,1.401298464324817e-44;6;3;3;3;-0.8939394354820251;-0.8939394354820251;-0.8939394354820251
chirp_20_20k_5s,41,1,17,1536,1378,793,576,9,311,519,208,0,2,0,0,0,1,3,0;0;0;0,0;0;0;0,1.401298464324817e-44;6;3;3;3;-0.9431818127632141;-0.9431818127632141;-0.9431818127632141
chirp_20_20k_5s,42,0,17,1536,1395,793,593,9,363,536,173,0,2,0,0,0,1,3,0;0;0;0,0;0;0;0,1.401298464324817e-44;6;3;3;3;-0.9431818127632141;-0.9431818127632141;-0.9431818127632141
chirp_20_20k_5s,42,1,17,1536,1395,793,593,9,363,536,173,0,2,0,0,0,1,3,0;0;0;0,0;0;0;0,1.401298464324817e-44;6;3;3;3;-1.0340908765792847;-1.0340908765792847;-1.0340908765792847
chirp_20_20k_5s,43,0,17,1536,1392,793,590,9,330,533,203,0,2,0,0,0,1,3,0;0;0;0,0;0;0;0,1.401298464324817e-44;6;3;3;3;-1.0340908765792847;-1.0340908765792847;-1.0340908765792847
chirp_20_20k_5s,43,1,17,1536,1392,793,590,9,330,533,203,0,2,0,0,0,1,3,0;0;0;0,0;0;0;0,1.401298464324817e-44;6;3;3;3;-0.9621212482452393;-0.9621212482452393;-0.9621212482452393
chirp_20_20k_5s,44,0,17,1536,1278,793,476,9,260,419,159,0,2,0,0,0,1,3,0;0;0;0,0;0;0;0,1.401298464324817e-44;6;3;3;3;-0.9621212482452393;-0.9621212482452393;-0.9621212482452393
chirp_20_20k_5s,44,1,17,1536,1278,793,476,9,260,419,159,0,2,0,0,0,1,3,0;0;0;0,0;0;0;0,1.401298464324817e-44;6;3;3;3;-0.9053030014038086;-0.9053030014038086;-0.9053030014038086
chirp_20_20k_5s,45,0,17,1536,1374,793,572,9,356,515,159,0,2,0,0,0,1,3,0;0;0;0,0;0;0;0,1.401298464324817e-44;6;3;3;3;-0.9053030014038086;-0.9053030014038086;-0.9053030014038086
chirp_20_20k_5s,45,1,17,1536,1374,793,572,9,356,515,159,0,2,0,0,0,1,3,0;0;0;0,0;0;0;0,1.401298464324817e-44;6;3;3;3;-1.0151515007019043;-0.6818181872367859;-1.0151515007019043
chirp_20_20k_5s,46,0,27,1536,1522,793,720,9,416,616,200,0,2,0,0,0,1,3,0;0;0;0,0;0;0;0,1.401298464324817e-44;6;3;3;3;-1.0151515007019043;-0.6818181872367859;-1.0151515007019043
chirp_20_20k_5s,46,1,27,1536,1522,793,720,9,416,616,200,0,2,0,0,0,1,3,0;0;0;0,0;0;0;0,1.401298464324817e-44;6;3;3;3;-1.0094696283340454;-1.0094696283340454;-1.0094696283340454
chirp_20_20k_5s,47,0,17,1536,1171,793,369,9,270,312,42,0,2,0,0,0,1,3,0;0;0;0,0;0;0;0,1.401298464324817e-44;6;3;3;3;-1.0094696283340454;-1.0094696283340454;-1.0094696283340454
chirp_20_20k_5s,47,1,17,1536,1171,793,369,9,270,312,42,0,2,0,0,0,1,3,0;0;0;0,0;0;0;0,1.401298464324817e-44;6;3;3;3;-0.886363685131073;-0.886363685131073;-0.886363685131073
chirp_20_20k_5s,48,0,18,1536,1489,793,687,9,375,627,252,0,2,0,0,0,1,3,0;0;0;0,0;0;0;0,1.401298464324817e-44;6;3;3;3;-0.886363685131073;-0.886363685131073;-0.886363685131073
chirp_20_20k_5s,48,1,18,1536,1489,793,687,9,375,627,252,0,2,0,0,0,1,3,0;0;0;0,0;0;0;0,1.401298464324817e-44;6;3;3;3;-1.1022727489471436;-1.1022727489471436;-1.1022727489471436
chirp_20_20k_5s,49,0,20,1536,1526,793,724,9,473,618,145,0,2,0,0,0,1,3,0;0;0;0,0;0;0;0,1.401298464324817e-44;6;3;3;3;-1.1022727489471436;-1.1022727489471436;-1.1022727489471436
chirp_20_20k_5s,49,1,20,1536,1526,793,724,9,473,618,145,0,2,0,0,0,1,3,0;0;0;0,0;0;0;0,1.401298464324817e-44;6;3;3;3;-1.1609848737716675;-1.1609848737716675;-1.1609848737716675
chirp_20_20k_5s,50,0,28,1536,1519,793,717,9,493,621,128,0,2,0,0,0,1,3,0;0;0;0,0;0;0;0,1.401298464324817e-44;6;3;3;3;-1.1609848737716675;-1.1609848737716675;-1.1609848737716675
chirp_20_20k_5s,50,1,28,1536,1519,793,717,9,493,621,128,0,2,0,0,0,1,3,0;0;0;0,0;0;0;0,1.401298464324817e-44;6;3;3;3;-1.0852272510528564;-1.0852272510528564;-1.0852272510528564
chirp_20_20k_5s,51,0,28,1536,1524,793,722,9,467,632,165,0,2,0,0,0,1,3,0;0;0;0,0;0;0;0,1.401298464324817e-44;6;3;3;3;-1.0852272510528564;-1.0852272510528564;-1.0852272510528564
chirp_20_20k_5s,51,1,28,1536,1524,793,722,9,467,632,165,0,2,0,0,0,1,3,0;0;0;0,0;0;0;0,1.401298464324817e-44;6;3;3;3;-1.2178030014038086;-1.2178030014038086;-0.8844696879386902
chirp_20_20k_5s,52,0,20,1536,1524,793,722,9,482,598,116,0,2,0,0,0,1,3,0;0;0;0,0;0;0;0,1.401298464324817e-44;6;3;3;3;-1.2178030014038086;-1.2178030014038086;-0.8844696879386902
chirp_20_20k_5s,52,1,20,1536,1524,793,722,9,482,598,116,0,2,0,0,0,1,3,0;0;0;0,0;0;0;0,1.401298464324817e-44;6;3;3;3;-1.2821969985961914;-1.2821969985961914;-1.2821969985961914
chirp_20_20k_5s,53,0,20,1536,1522,793,720,9,572,628,56,0,2,0,0,0,1,3,0;0;0;0,0;0;0;0,1.401298464324817e-44;6;3;3;3;-1.2821969985961914;-1.2821969985961914;-1.2821969985961914
chirp_20_20k_5s,53,1,20,1536,1522,793,720,9,572,628,56,0,2,0,0,0,1,3,0;0;0;0,0;0;0;0,1.401298464324817e-44;6;3;3;3;-1.2159091234207153;-1.2159091234207153;-1.2159091234207153
chirp_20_20k_5s,54,0,20,1536,1521,793,719,9,669,630,-39,0,2,0,0,0,1,3,0;0;0;0,0;0;0;0,1.401298464324817e-44;6;3;3;3;-1.2159091234207153;-1.2159091234207153;-1.2159091234207153
chirp_20_20k_5s,54,1,20,1536,1521,793,719,9,669,630,-39,0,2,0,0,0,1,3,0;0;0;0,0;0;0;0,1.401298464324817e-44;6;3;3;3;-1.2897727489471436;-1.2897727489471436;-1.2897727489471436
chirp_20_20k_5s,55,0,20,1536,1520,793,718,9,652,627,-25,0,2,0,0,0,1,3,0;0;0;0,0;0;0;0,1.401298464324817e-44;6;3;3;3;-1.2897727489471436;-1.2897727489471436;-1.2897727489471436
chirp_20_20k_5s,55,1,20,1536,1520,793,718,9,652,627,-25,0,2,0,0,0,1,3,0;0;0;0,0;0;0;0,1.401298464324817e-44;6;3;3;3;-1.4223484992980957;-1.4223484992980957;-1.4223484992980957
chirp_20_20k_5s,56,0,20,1536,1474,793,672,9,606,606,0,0,2,0,0,0,1,3,0;0;0;0,0;0;0;0,1.401298464324817e-44;6;3;3;3;-1.4223484992980957;-1.4223484992980957;-1.4223484992980957
chirp_20_20k_5s,56,1,20,1536,1474,793,672,9,606,606,0,0,2,0,0,0,1,3,0;0;0;0,0;0;0;0,1.401298464324817e-44;6;3;3;3;-1.335227370262146;-1.335227370262146;-1.335227370262146
chirp_20_20k_5s,57,0,20,1536,1456,793,654,9,483,588,105,0,2,0,0,0,1,3,0;0;0;0,0;0;0;0,1.401298464324817e-44;6;3;3;3;-1.335227370262146;-1.335227370262146;-1.335227370262146
chirp_20_20k_5s,57,1,20,1536,1456,793,654,9,483,588,105,0,2,0,0,0,1,3,0;0;0;0,0;0;0;0,1.401298464324817e-44;6;3;3;3;-1.2878787517547607;-1.2878787517547607;-1.2878787517547607
chirp_20_20k_5s,58,0,20,1536,1492,793,690,9,474,624,150,0,2,0,0,0,1,3,0;0;0;0,0;0;0;0,1.401298464324817e-44;6;3;3;3;-1.2878787517547607;-1.2878787517547607;-1.2878787517547607
chirp_20_20k_5s,58,1,20,1536,1492,793,690,9,474,624,150,0,2,0,0,0,1,3,0;0;0;0,0;0;0;0,1.401298464324817e-44;6;3;3;3;-1.3446969985961914;-1.3446969985961914;-0.6780303120613098
chirp_20_20k_5s,59,0,20,1536,1499,793,697,9,431,631,200,0,2,0,0,0,1,3,0;0;0;0,0;0;0;0,1.401298464324817e-44;6;3;3;3;-1.3446969985961914;-1.3446969985961914;-0.6780303120613098
chirp_20_20k_5s,59,1,20,1536,1499,793,697,9,431,631,200,0,2,0,0,0,1,3,0;0;0;0,0;0;0;0,1.401298464324817e-44;6;3;3;3;-1.2518938779830933;-1.2518938779830933;-1.2518938779830933
chirp_20_20k_5s,60,0,19,1536,1356,793,554,9,368,491,123,0,2,0,0,0,1,3,0;0;0;0,0;0;0;0,1.401298464324817e-44;6;3;3;3;-1.2518938779830933;-1.2518938779830933;-1.2518938779830933
chirp_20_20k_5s,60,1,19,1536,1356,793,554,9,368,491,123,0,2,0,0,0,1,3,0;0;0;0,0;0;0;0,1.401298464324817e-44;6;3;3;3;-1.0833333730697632;-0.75;-1.0833333730697632
chirp_20_20k_5s,61,0,20,1536,1528,793,726,9,392,628,236,0,2,0,0,0,1,3,0;0;0;0,0;0;0;0,1.401298464324817e-44;6;3;3;3;-1.0833333730697632;-0.75;-1.0833333730697632
chirp_20_20k_5s,61,1,20,1536,1528,793,726,9,392,628,236,0,2,0,0,0,1,3,0;0;0;0,0;0;0;0,1.401298464324817e-44;6;3;3;3;-1.066287875175476;-1.066287875175476;-1.066287875175476
chirp_20_20k_5s,62,0,20,1536,1498,793,696,9,359,630,271,0,2,0,0,0,1,3,0;0;0;0,0;0;0;0,1.401298464324817e-44;6;3;3;3;-1.066287875175476;-1.066287875175476;-1.066287875175476
chirp_20_20k_5s,62,1,20,1536,1498,793,696,9,359,630,271,0,2,0,0,0,1,3,0;0;0;0,0;0;0;0,1.401298464324817e-44;6;3;3;3;-0.8901515007019043;-0.8901515007019043;-0.8901515007019043
chirp_20_20k_5s,63,0,19,1536,1135,793,333,9,270,270,0,0,2,0,0,0,1,3,0;0;0;0,0;0;0;0,1.401298464324817e-44;6;3;3;3;-0.8901515007019043;-0.8901515007019043;-0.8901515007019043
chirp_20_20k_5s,63,1,19,1536,1135,793,333,9,270,270,0,0,2,0,0,0,1,3,0;0;0;0,0;0;0;0,1.401298464324817e-44;6;3;3;3;-0.8825757503509521;-0.8825757503509521;-0.8825757503509521
chirp_20_20k_5s,64,0,20,1536,1507,793,705,9,439,608,169,0,2,0,0,0,1,3,0;0;0;0,0;0;0;0,1.401298464324817e-44;6;3;3;3;-0.8825757503509521;-0.8825757503509521;-0.8825757503509521
chirp_20_20k_5s,64,1,20,1536,1507,793,705,9,439,608,169,0,2,0,0,0,1,3,0;0;0;0,0;0;0;0,1.401298464324817e-44;6;3;3;3;-1.1306818723678589;-1.1306818723678589;-1.1306818723678589
chirp_20_20k_5s,65,0,20,1536,1511,793,709,9,415,615,200,0,2,0,0,0,1,3,0;0;0;0,0;0;0;0,1.401298464324817e-44;6;3;3;3;-1.1306818723678589;-1.1306818723678589;-1.1306818723678589
chirp_20_20k_5s,65,1,20,1536,1511,793,709,9,415,615,200,0,2,0,0,0,1,3,0;0;0;0,0;0;0;0,1.401298464324817e-44;6;3;3;3;-1.2556818723678589;-1.2556818723678589;-1.2556818723678589
chirp_20_20k_5s,66,0,20,1536,1475,793,673,9,382,607,225,0,2,0,0,0,1,3,0;0;0;0,0;0;0;0,1.401298464324817e-44;6;3;3;3;-1.2556818723678589;-1.2556818723678589;-1.2556818723678589
chirp_20_20k_5s,66,1,20,1536,1475,793,673,9,382,607,225,0,2,0,0,0,1,3,0;0;0;0,0;0;0;0,1.401298464324817e-44;6;3;3;3;-0.9071969985961914;-1.2405303716659546;-1.2405303716659546
chirp_20_20k_5s,67,0,20,1536,1443,793,641,9,422,575,153,0,2,0,0,0,1,3,0;0;0;0,0;0;0;0,1.401298464324817e-44;6;3;3;3;-0.9071969985961914;-1.2405303716659546;-1.2405303716659546
chirp_20_20k_5s,67,1,20,1536,1443,793,641,9,422,575,153,0,2,0,0,0,1,3,0;0;0;0,0;0;0;0,1.401298464324817e-44;6;3;3;3;-1.3200757503509521;-1.3200757503509521;-1.3200757503509521
chirp_20_20k_5s,68,0,21,1536,1524,793,722,9,599,625,26,0,2,0,0,0,1,3,0;0;0;0,0;0;0;0,1.401298464324817e-44;6;3;3;3;-1.3200757503509521;-1.3200757503509521;-1.3200757503509521
chirp_20_20k_5s,68,1,21,1536,1524,793,722,9,599,625,26,0,2,0,0,0,1,3,0;0;0;0,0;0;0;0,1.401298464324817e-44;6;3;3;3;-1.4185606241226196;-1.085227370262146;-1.4185606241226196
chirp_20_20k_5s,69,0,20,1536,1472,793,670,9,604,604,0,0,2,0,0,0,1,3,0;0;0;0,0;0;0;0,1.401298464324817e-44;6;3;3;3;-1.4185606241226196;-1.085227370262146;-1.4185606241226196
chirp_20_20k_5s,69,1,20,1536,1472,793,670,9,604,604,0,0,2,0,0,0,1,3,0;0;0;0,0;0;0;0,1.401298464324817e-44;6;3;3;3;-1.3238636255264282;-0.6571969985961914;-0.9905303120613098
chirp_20_20k_5s,70,0,21,1536,1511,793,709,9,640,627,-13,0,2,0,0,0,1,3,0;0;1;0,0;0;0;0,1.401298464324817e-44;6;3;3;3;-1.3238636255264282;-0.6571969985961914;-0.9905303120613098
chirp_20_20k_5s,70,1,21,1536,1511,793,709,9,640,627,-13,0,2,0,0,0,1,3,0;0;1;0,0;0;0;0,1.401298464324817e-44;6;3;3;3;-1.2765151262283325;-1.2765151262283325;-1.2765151262283325
chirp_20_20k_5s,71,0,21,1536,1519,793,717,9,648,615,-33,0,2,0,0,0,1,3,3;0;0;0,0;0;0;0,1.401298464324817e-44;6;3;3;3;-1.2765151262283325;-1.2765151262283325;-1.2765151262283325
chirp_20_20k_5s,71,1,21,1536,1519,793,717,9,648,615,-33,0,2,0,0,0,1,3,3;0;0;0,0;0;0;0,1.401298464324817e-44;6;3;3;3;-1.3541666269302368;-1.0208333730697632;-1.3541666269302368
chirp_20_20k_5s,72,0,21,1536,1518,793,716,9,549,620,71,0,2,0,0,0,1,3,0;0;0;0,0;0;0;0,1.401298464324817e-44;6;3;3;3;-1.3541666269302368;-1.0208333730697632;-1.3541666269302368
chirp_20_20k_5s,72,1,21,1536,1518,793,716,9,549,620,71,0,2,0,0,0,1,3,0;0;0;0,0;0;0;0,1.401298464324817e-44;6;3;3;3;-1.2329546213150024;-1.2329546213150024;-1.2329546213150024
chirp_20_20k_5s,73,0,21,1536,1483,793,681,9,410,612,202,0,2,0,0,0,1,3,0;0;0;0,0;0;0;0,1.401298464324817e-44;6;3;3;3;-1.2329546213150024;-1.2329546213150024;-1.2329546213150024
chirp_20_20k_5s,73,1,21,1536,1483,793,681,9,410,612,202,0,2,0,0,0,1,3,0;0;0;0,0;0;0;0,1.401298464324817e-44;6;3;3;3;-1.1041666269302368;-1.1041666269302368;-1.1041666269302368
chirp_20_20k_5s,74,0,21,1536,1502,793,700,9,457,631,174,0,2,0,0,0,1,3,0;0;0;0,0;0;0;0,1.401298464324817e-44;6;3;3;3;-1.1041666269302368;-1.1041666269302368;-1.1041666269302368
chirp_20_20k_5s,74,1,21,1536,1502,793,700,9,457,631,174,0,2,0,0,0,1,3,0;0;0;0,0;0;0;0,1.401298464324817e-44;6;3;3;3;-1.1950757503509521;-1.1950757503509521;-1.1950757503509521
chirp_20_20k_5s,75,0,21,1536,1484,793,682,9,487,613,126,0,2,0,0,0,1,3,0;0;0;0,0;0;0;0,1.401298464324817e-44;6;3;3;3;-1.1950757503509521;-1.1950757503509521;-1.1950757503509521
chirp_20_20k_5s,75,1,21,1536,1484,793,682,9,487,613,126,0,2,0,0,0,1,3,0;0;0;0,0;0;0;0,1.401298464324817e-44;6;3;3;3;-1.111742377281189;-0.44507575035095215;-1.111742377281189
chirp_20_20k_5s,76,0,21,1536,1332,793,530,9,313,461,148,0,2,0,0,0,1,3,1;0;0;0,0;0;0;0,1.401298464324817e-44;6;3;3;3;-1.111742377281189;-0.44507575035095215;-1.111742377281189
chirp_20_20k_5s,76,1,21,1536,1332,793,530,9,313,461,148,0,2,0,0,0,1,3,1;0;0;0,0;0;0;0,1.401298464324817e-44;6;3;3;3;-0.9867424368858337;-0.9867424368858337;-0.6534090638160706
chirp_20_20k_5s,77,0,29,1536,1527,793,725,9,433,583,150,0,2,0,0,0,1,3,0;0;0;0,0;0;0;0,1.401298464324817e-44;6;3;3;3;-0.9867424368858337;-0.9867424368858337;-0.6534090638160706
chirp_20_20k_5s,77,1,29,1536,1527,793,725,9,433,583,150,0,2,0,0,0,1,3,0;0;0;0,0;0;0;0,1.401298464324817e-44;6;3;3;3;-1.0359848737716675;-1.0359848737716675;-1.0359848737716675
chirp_20_20k_5s,78,0,29,1536,1517,793,715,9,482,622,140,0,2,0,0,0,1,3,0;0;0;0,0;0;0;0,1.401298464324817e-44;6;3;3;3;-1.0359848737716675;-1.0359848737716675;-1.0359848737716675
chirp_20_20k_5s,78,1,29,1536,1517,793,715,9,482,622,140,0,2,0,0,0,1,3,0;0;0;0,0;0;0;0,1.401298464324817e-44;6;3;3;3;-1.0928030014038086;-1.0928030014038086;-1.0928030014038086
chirp_20_20k_5s,79,0,29,1536,1521,793,719,9,430,626,196,0,2,0,0,0,1,3,0;0;0;0,0;0;0;0,1.401298464324817e-44;6;3;3;3;-1.0928030014038086;-1.0928030014038086;-1.0928030014038086
chirp_20_20k_5s,79,1,29,1536,1521,793,719,9,430,626,196,0,2,0,0,0,1,3,0;0;0;0,0;0;0;0,1.401298464324817e-44;6;3;3;3;-0.9734848141670227;-0.9734848141670227;-0.9734848141670227
chirp_20_20k_5s,80,0,29,1536,1514,793,712,9,400,539,139,0,2,0,0,0,1,3,0;0;0;0,0;0;0;0,1.401298464324817e-44;6;3;3;3;-0.9734848141670227;-0.9734848141670227;-0.9734848141670227
chirp_20_20k_5s,80,1,29,1536,1514,793,712,9,400,539,139,0,2,0,0,0,1,3,0;0;0;0,0;0;0;0,1.401298464324817e-44;6;3;3;3;-1.003787875175476;-1.003787875175476;-1.003787875175476
chirp_20_20k_5s,81,0,29,1536,1503,793,701,9,379,595,216,0,2,0,0,0,1,3,0;0;0;0,0;0;0;0,1.401298464324817e-44;6;3;3;3;-1.003787875175476;-1.003787875175476;-1.003787875175476
chirp_20_20k_5s,81,1,29,1536,1503,793,701,9,379,595,216,0,2,0,0,0,1,3,0;0;0;0,0;0;0;0,1.401298464324817e-44;6;3;3;3;-1.0530303716659546;-1.0530303716659546;-1.0530303716659546
chirp_20_20k_5s,82,0,29,1536,1520,793,718,9,415,625,210,0,2,0,0,0,1,3,0;0;0;0,0;0;0;0,1.401298464324817e-44;6;3;3;3;-1.0530303716659546;-1.0530303716659546;-1.0530303716659546
chirp_20_20k_5s,82,1,29,1536,1520,793,718,9,415,625,210,0,2,0,0,0,1,3,0;0;0;0,0;0;0;0,1.401298464324817e-44;6;3;3;3;-0.9791666865348816;-0.9791666865348816;-0.9791666865348816
chirp_20_20k_5s,83,0,29,1536,1509,793,707,9,418,614,196,0,2,0,0,0,1,3,0;0;0;0,0;0;0;0,1.401298464324817e-44;6;3;3;3;-0.9791666865348816;-0.9791666865348816;-0.9791666865348816
chirp_20_20k_5s,83,1,29,1536,1509,793,707,9,418,614,196,0,2,0,0,0,1,3,0;0;0;0,0;0;0;0,1.401298464324817e-44;6;3;3;3;-0.9905303120613098;-0.9905303120613098;-0.9905303120613098
chirp_20_20k_5s,84,0,29,1536,1517,793,715,9,556,595,39,0,2,0,0,0,1,3,0;0;0;0,0;0;0;0,1.401298464324817e-44;6;3;3;3;-0.9905303120613098;-0.9905303120613098;-0.9905303120613098
chirp_20_20k_5s,84,1,29,1536,1517,793,715,9,556,595,39,0,2,0,0,0,1,3,0;0;0;0,0;0;0;0,1.401298464324817e-44;6;3;3;3;-1.049242377281189;-0.7159090638160706;-1.049242377281189
chirp_20_20k_5s,85,0,29,1536,1510,793,708,9,425,615,190,0,2,0,0,0,1,3,0;0;0;0,0;0;0;0,1.401298464324817e-44;6;3;3;3;-1.049242377281189;-0.7159090638160706;-1.049242377281189
chirp_20_20k_5s,85,1,29,1536,1510,793,708,9,425,615,190,0,2,0,0,0,1,3,0;0;0;0,0;0;0;0,1.401298464324817e-44;6;3;3;3;-0.939393937587738;-0.939393937587738;-0.939393937587738
chirp_20_20k_5s,86,0,29,1536,1517,793,715,9,417,622,205,0,2,0,0,0,1,3,0;0;0;0,0;0;0;0,1.401298464324817e-44;6;3;3;3;-0.939393937587738;-0.939393937587738;-0.939393937587738
chirp_20_20k_5s,86,1,29,1536,1517,793,715,9,417,622,205,0,2,0,0,0,1,3,0;0;0;0,0;0;0;0,1.401298464324817e-44;6;3;3;3;-0.8939394354820251;-0.8939394354820251;-0.8939394354820251
chirp_20_20k_5s,87,0,29,1536,1511,793,709,9,415,602,187,0,2,0,0,0,1,3,0;0;0;0,0;0;0;0,1.401298464324817e-44;6;3;3;3;-0.8939394354820251;-0.8939394354820251;-0.8939394354820251
chirp_20_20k_5s,87,1,29,1536,1511,793,709,9,415,602,187,0,2,0,0,0,1,3,0;0;0;0,0;0;0;0,1.401298464324817e-44;6;3;3;3;-1.0738636255264282;-1.0738636255264282;-1.0738636255264282
chirp_20_20k_5s,88,0,29,1536,1524,793,722,9,374,599,225,0,2,0,0,0,1,3,0;0;0;0,0;0;0;0,1.401298464324817e-44;6;3;3;3;-1.0738636255264282;-1.0738636255264282;-1.0738636255264282
chirp_20_20k_5s,88,1,29,1536,1524,793,722,9,374,599,225,0,2,0,0,0,1,3,0;0;0;0,0;0;0;0,1.401298464324817e-44;6;3;3;3;-1.0568181276321411;-1.0568181276321411;-1.0568181276321411
chirp_20_20k_5s,89,0,29,1536,1506,793,704,9,433,611,178,0,2,0,0,0,1,3,0;0;0;0,0;0;0;0,1.401298464324817e-44;6;3;3;3;-1.0568181276321411;-1.0568181276321411;-1.0568181276321411
chirp_20_20k_5s,89,1,29,1536,1506,793,704,9,433,611,178,0,2,0,0,0,1,3,0;0;0;0,0;0;0;0,1.401298464324817e-44;6;3;3;3;-0.9109848141670227;-0.9109848141670227;-0.9109848141670227
chirp_20_20k_5s,90,0,29,1536,1527,793,725,9,501,632,131,0,2,0,0,0,1,3,0;0;0;0,0;0;0;0,1.401298464324817e-44;6;3;3;3;-0.9109848141670227;-0.9109848141670227;-0.9109848141670227
chirp_20_20k_5s,90,1,29,1536,1527,793,725,9,501,632,131,0,2,0,0,0,1,3,0;0;0;0,0;0;0;0,1.401298464324817e-44;6;3;3;3;-1.0416666269302368;-1.0416666269302368;-0.7083333134651184
chirp_20_20k_5s,91,0,29,1536,1526,793,724,9,512,590,78,0,2,0,0,0,1,3,0;0;0;0,0;0;0;0,1.401298464324817e-44;6;3;3;3;-1.0416666269302368;-1.0416666269302368;-0.7083333134651184
chirp_20_20k_5s,91,1,29,1536,1526,793,724,9,512,590,78,0,2,0,0,0,1,3,0;0;0;0,0;0;0;0,1.401298464324817e-44;6;3;3;3;-1.0530303716659546;-1.0530303716659546;-1.0530303716659546
chirp_20_20k_5s,92,0,23,1536,1338,793,536,9,354,461,107,0,2,0,0,0,1,3,0;0;0;0,0;0;0;0,1.401298464324817e-44;6;3;3;3;-1.0530303716659546;-1.0530303716659546;-1.0530303716659546
chirp_20_20k_5s,92,1,23,1536,1338,793,536,9,354,461,107,0,2,0,0,0,1,3,0;0;0;0,0;0;0;0,1.401298464324817e-44;6;3;3;3;-0.8854166865348816;-0.8854166865348816;-0.8854166865348816
chirp_20_20k_5s,93,0,24,1536,1525,793,723,9,411,611,200,51753764,2,51753764,0,0,1,3,0;0;0;0,0;0;0;0,1.401298464324817e-44;6;3;3;3;-0.8854166865348816;-0.8854166865348816;-0.8854166865348816
chirp_20_20k_5s,93,1,24,1536,1525,793,723,9,411,611,200,51829028,2,51829028,0,0,1,3,0;0;0;0,0;0;0;0,1.401298464324817e-44;6;3;3;3;-0.9791666865348816;-0.9791666865348816;-0.9791666865348816
chirp_20_20k_5s,94,0,24,1536,1474,793,672,9,385,594,209,51803884,2,51803884,0,0,1,3,0;0;0;0,0;0;0;0,1.401298464324817e-44;6;3;3;3;-0.9791666865348816;-0.9791666865348816;-0.9791666865348816
chirp_20_20k_5s,94,1,24,1536,1474,793,672,9,385,594,209,51879148,2,51879148,0,0,1,3,0;0;0;0,0;0;0;0,1.401298464324817e-44;6;3;3;3;-1.001736044883728;-1.001736044883728;-1.001736044883728
chirp_20_20k_5s,95,0,24,1536,1367,793,565,9,282,487,205,51778796,2,51778796,0,0,1,3,0;0;0;0,0;0;0;0,1.401298464324817e-44;6;3;3;3;-1.001736044883728;-1.001736044883728;-1.001736044883728
chirp_20_20k_5s,95,1,24,1536,1367,793,565,9,282,487,205,51854060,2,51854060,0,0,1,3,0;0;0;0,0;0;0;0,1.401298464324817e-44;6;3;3;3;-0.9496527314186096;-0.9496527314186096;-0.6163194179534912
chirp_20_20k_5s,96,0,28,1536,1523,793,721,9,614,623,9,51753708,2,51753708,0,0,1,3,0;0;0;0,0;0;0;0,1.401298464324817e-44;6;3;3;3;-0.9496527314186096;-0.9496527314186096;-0.6163194179534912
chirp_20_20k_5s,96,1,28,1536,1523,793,721,9,614,623,9,51828972,2,51828972,0,0,1,3,0;0;0;0,0;0;0;0,1.401298464324817e-44;6;3;3;3;-0.3506944179534912;-0.01736108399927616;-0.6840277314186096
chirp_20_20k_5s,97,0,28,1536,1524,793,722,9,702,618,-84,51803884,2,51803884,0,0,1,3,0;0;2;0,0;0;0;0,1.401298464324817e-44;6;3;3;3;-0.3506944179534912;-0.01736108399927616;-0.6840277314186096
chirp_20_20k_5s,97,1,28,1536,1524,793,722,9,702,618,-84,51879148,2,51879148,0,0,1,3,0;0;2;0,0;0;0;0,1.401298464324817e-44;6;3;3;3;-1.107638955116272;-1.107638955116272;-1.107638955116272
chirp_20_20k_5s,98,0,28,1536,1523,793,721,9,697,600,-97,51778796,2,51778796,0,0,1,3,3;0;0;0,0;0;0;0,1.401298464324817e-44;6;3;3;3;-1.107638955116272;-1.107638955116272;-1.107638955116272
chirp_20_20k_5s,98,1,28,1536,1523,793,721,9,697,600,-97,51854060,2,51854060,0,0,1,3,3;0;0;0,0;0;0;0,1.401298464324817e-44;6;3;3;3;-1.079861044883728;-1.079861044883728;-1.079861044883728
chirp_20_20k_5s,99,0,28,1536,1514,793,712,9,603,622,19,51753708,2,51753708,0,0,1,3,0;0;0;1,0;0;0;0,1.401298464324817e-44;6;3;3;3;-1.079861044883728;-1.079861044883728;-1.079861044883728
chirp_20_20k_5s,99,1,28,1536,1514,793,712,9,603,622,19,51828972,2,51828972,0,0,1,3,0;0;0;1,0;0;0;0,1.401298464324817e-44;6;3;3;3;-0.6961805820465088;-1.029513955116272;-1.029513955116272
chirp_20_20k_5s,100,0,28,1536,1528,793,726,9,741,570,-171,51803884,2,51803884,0,0,1,3,0;0;0;0,0;0;0;0,1.401298464324817e-44;6;3;3;3;-0.6961805820465088;-1.029513955116272;-1.029513955116272
chirp_20_20k_5s,100,1,28,1536,1528,793,726,9,741,570,-171,51879148,2,51879148,0,0,1,3,0;0;0;0,0;0;0;0,1.401298464324817e-44;6;3;3;3;-0.1805555820465088;-0.8472222685813904;-0.1805555820465088
chirp_20_20k_5s,101,0,28,1536,1525,793,723,9,648,614,-34,51778796,2,51778796,0,0,1,3,0;0;0;0,0;0;0;0,1.401298464324817e-44;6;3;3;3;-0.1805555820465088;-0.8472222685813904;-0.1805555820465088
chirp_20_20k_5s,101,1,28,1536,1525,793,723,9,648,614,-34,51854060,2,51854060,0,0,1,3,0;0;0;0,0;0;0;0,1.401298464324817e-44;6;3;3;3;-1.1597222089767456;-1.1597222089767456;-1.1597222089767456
chirp_20_20k_5s,102,0,28,1536,1524,793,722,9,557,618,61,51753708,2,51753708,0,0,1,3,0;0;0;0,0;0;0;0,1.401298464324817e-44;6;3;3;3;-1.1597222089767456;-1.1597222089767456;-1.1597222089767456
chirp_20_20k_5s,102,1,28,1536,1524,793,722,9,557,618,61,51828972,2,51828972,0,0,1,3,0;0;0;0,0;0;0;0,1.401298464324817e-44;6;3;3;3;-1.125;-1.125;-1.125
chirp_20_20k_5s,103,0,28,1536,1518,793,716,9,585,585,0,51803884,2,51803884,0,0,1,3,0;1;0;0,0;0;0;0,1.401298464324817e-44;6;3;3;3;-1.125;-1.125;-1.125
chirp_20_20k_5s,103,1,28,1536,1518,793,716,9,585,585,0,51879148,2,51879148,0,0,1,3,0;1;0;0,0;0;0;0,1.401298464324817e-44;6;3;3;3;-1.267361044883728;-1.267361044883728;-1.267361044883728
chirp_20_20k_5s,104,0,28,1536,1528,793,726,9,659,611,-48,51778796,2,51778796,0,0,1,3,0;0;0;0,0;0;0;0,1.401298464324817e-44;6;3;3;3;-1.267361044883728;-1.267361044883728;-1.267361044883728
chirp_20_20k_5s,104,1,28,1536,1528,793,726,9,659,611,-48,51854060,2,51854060,0,0,1,3,0;0;0;0,0;0;0;0,1.401298464324817e-44;6;3;3;3;-1.2777777910232544;-1.2777777910232544;-1.2777777910232544
chirp_20_20k_5s,105,0,28,1536,1523,793,721,9,817,617,-200,51753708,2,51753708,0,0,1,3,0;0;0;0,0;0;0;0,1.401298464324817e-44;6;3;3;3;-1.2777777910232544;-1.2777777910232544;-1.2777777910232544
chirp_20_20k_5s,105,1,28,1536,1523,793,721,9,817,617,-200,51828972,2,51828972,0,0,1,3,0;0;0;0,0;0;0;0,1.401298464324817e-44;6;3;3;3;-1.173611044883728;-1.173611044883728;-1.173611044883728
chirp_20_20k_5s,106,0,28,1536,1526,793,724,9,899,579,-320,0,2,0,0,0,1,3,0;0;0;0,0;0;0;0,1.401298464324817e-44;6;3;3;3;-1.173611044883728;-1.173611044883728;-1.173611044883728
chirp_20_20k_5s,106,1,28,1536,1526,793,724,9,899,579,-320,0,2,0,0,0,1,3,0;0;0;0,0;0;0;0,1.401298464324817e-44;6;3;3;3;-1.265625;-1.265625;-1.265625
chirp_20_20k_5s,107,0,28,1536,1527,793,725,9,984,616,-368,0,2,0,0,0,1,3,0;0;0;0,0;0;0;0,1.401298464324817e-44;6;3;3;3;-1.265625;-1.265625;-1.265625
chirp_20_20k_5s,107,1,28,1536,1527,793,725,9,984,616,-368,0,2,0,0,0,1,3,0;0;0;0,0;0;0;0,1.401298464324817e-44;6;3;3;3;-1.3888888359069824;-1.0555554628372192;-1.3888888359069824
chirp_20_20k_5s,108,0,28,1536,1525,793,723,9,815,624,-191,0,2,0,0,0,1,3,0;0;0;0,0;0;0;0,1.401298464324817e-44;6;3;3;3;-1.3888888359069824;-1.0555554628372192;-1.3888888359069824
chirp_20_20k_5s,108,1,28,1536,1525,793,723,9,815,624,-191,0,2,0,0,0,1,3,0;0;0;0,0;0;0;0,1.401298464324817e-44;6;3;3;3;-1.2777777910232544;-1.2777777910232544;0.3888889253139496
chirp_20_20k_5s,109,0,28,1536,1527,793,725,9,656,620,-36,0,2,0,0,0,1,3,0;0;0;0,0;0;0;0,1.401298464324817e-44;6;3;3;3;-1.2777777910232544;-1.2777777910232544;0.3888889253139496
chirp_20_20k_5s,109,1,28,1536,1527,793,725,9,656,620,-36,0,2,0,0,0,1.2857142857142858,3,0;0;0;0,0;0;0;0,1.401298464324817e-44;6;3;3;3;-1.3125;-1.3125;1.6875
chirp_20_20k_5s,110,0,28,1536,1528,793,726,9,636,594,-42,0,2,0,0,0,1.2857142857142858,3,0;0;0;0,0;0;0;0,1.401298464324817e-44;6;3;3;3;-1.3125;-1.3125;1.6875
chirp_20_20k_5s,110,1,28,1536,1528,793,726,9,636,594,-42,0,2,0,0,0,1.5486722222154705,3,0;0;0;0,0;0;0;0,1.401298464324817e-44;6;3;3;3;-1.3923611640930176;-0.3923611640930176;0.6076388359069824
chirp_20_20k_5s,111,0,28,1536,1523,793,721,9,562,593,31,0,2,0,0,0,1.5486722222154705,3,0;0;0;0,0;0;0;0,1.401298464324817e-44;6;3;3;3;-1.3923611640930176;-0.3923611640930176;0.6076388359069824
chirp_20_20k_5s,111,1,28,1536,1523,793,721,9,562,593,31,0,2,0,0,0,1,3,0;0;0;0,0;0;0;0,1.401298464324817e-44;6;3;3;3;-1.3454861640930176;-0.3454861640930176;-1.0121527910232544
chirp_20_20k_5s,112,0,27,1536,1526,793,724,9,605,627,22,0,2,0,0,0,1,3,0;0;0;0,0;0;0;0,1.401298464324817e-44;6;3;3;3;-1.3454861640930176;-0.3454861640930176;-1.0121527910232544
chirp_20_20k_5s,112,1,27,1536,1526,793,724,9,605,627,22,0,2,0,0,1,4.303867986505707,3,0;0;0;0,0;0;0;0,1.401298464324817e-44;6;3;3;3;-0.3142360746860504;1.3524305820465088;-1.314236044883728
chirp_20_20k_5s,113,0,28,1536,1527,793,725,9,728,619,-109,0,2,0,0,1,4.303867986505707,3,0;0;0;0,0;0;0;0,1.401298464324817e-44;6;3;3;3;-0.3142360746860504;1.3524305820465088;-1.314236044883728
chirp_20_20k_5s,113,1,28,1536,1527,793,725,9,728,619,-109,0,2,0,0,0,1,3,0;0;0;0,0;0;0;0,1.401298464324817e-44;6;3;3;3;1.8611111640930176;-0.805555522441864;-1.4722222089767456
chirp_20_20k_5s,114,0,27,1536,1523,793,721,9,634,587,-47,0,2,0,0,0,1,3,0;0;0;3,0;0;0;0,1.401298464324817e-44;6;3;3;3;1.8611111640930176;-0.805555522441864;-1.4722222089767456
chirp_20_20k_5s,114,1,27,1536,1523,793,721,9,634,587,-47,0,2,0,0,0,1,3,0;0;0;3,0;0;0;0,1.401298464324817e-44;6;3;3;3;1.9253472089767456;-1.4079861640930176;-1.4079861640930176
chirp_20_20k_5s,115,0,27,1536,1492,793,690,9,574,603,29,0,2,0,0,0,1,3,0;0;0;9,0;0;0;7,1.401298464324817e-44;6;3;3;3;1.9253472089767456;-1.4079861640930176;-1.4079861640930176
chirp_20_20k_5s,115,1,27,1536,1492,793,690,9,574,603,29,0,2,0,0,0,1,3,0;0;0;9,0;0;0;7,1.401298464324817e-44;6;3;3;3;-1.2881944179534912;-1.2881944179534912;-1.2881944179534912
chirp_20_20k_5s,116,0,27,1536,1455,793,653,9,566,566,0,0,2,0,0,0,1,3,0;0;0;3,0;0;0;0,1.401298464324817e-44;6;3;3;3;-1.2881944179534912;-1.2881944179534912;-1.2881944179534912
chirp_20_20k_5s,116,1,27,1536,1455,793,653,9,566,566,0,0,2,0,0,0,1,3,0;0;0;3,0;0;0;0,1.401298464324817e-44;6;3;3;3;-1.3454861640930176;-1.3454861640930176;-1.3454861640930176
chirp_20_20k_5s,117,0,27,1536,1433,793,631,9,470,544,74,0,2,0,0,0,1,3,0;0;4;0,0;0;0;0,1.401298464324817e-44;6;3;3;3;-1.3454861640930176;-1.3454861640930176;-1.3454861640930176
chirp_20_20k_5s,117,1,27,1536,1433,793,631,9,470,544,74,0,2,0,0,0,1,3,0;0;4;0,0;0;0;0,1.401298464324817e-44;6;3;3;3;-1.310763955116272;-1.310763955116272;-1.310763955116272
chirp_20_20k_5s,118,0,27,1536,1461,793,659,9,438,572,134,0,2,0,0,0,1,3,0;8;2;0,0;7;0;0,1.401298464324817e-44;6;3;3;3;-1.310763955116272;-1.310763955116272;-1.310763955116272
chirp_20_20k_5s,118,1,27,1536,1461,793,659,9,438,572,134,0,2,0,0,0,1,3,0;8;2;0,0;7;0;0,1.401298464324817e-44;6;3;3;3;-1.1805555820465088;-0.8472222685813904;-1.1805555820465088
chirp_20_20k_5s,119,0,27,1536,1528,793,726,9,494,599,105,0,2,0,0,0,1,3,0;8;0;0,0;7;0;0,1.401298464324817e-44;6;3;3;3;-1.1805555820465088;-0.8472222685813904;-1.1805555820465088
chirp_20_20k_5s,119,1,27,1536,1528,793,726,9,494,599,105,0,2,0,0,0,1,3,0;8;0;0,0;7;0;0,1.401298464324817e-44;6;3;3;3;-1.1822916269302368;-1.1822916269302368;-1.1822916269302368
chirp_20_20k_5s,120,0,27,1536,1515,793,713,9,500,626,126,0,2,0,0,0,1,3,8;4;0;0,7;0;0;0,1.401298464324817e-44;6;3;3;3;-1.1822916269302368;-1.1822916269302368;-1.1822916269302368
chirp_20_20k_5s,120,1,27,1536,1515,793,713,9,500,626,126,0,2,0,0,0,1,3,8;4;0;0,7;0;0;0,1.401298464324817e-44;6;3;3;3;-0.7569444179534912;-0.4236110746860504;-1.0902777910232544
chirp_20_20k_5s,121,0,27,1536,1432,793,630,9,424,543,119,0,2,0,0,0,1,3,2;0;0;0,0;0;0;0,1.401298464324817e-44;6;3;3;3;-0.7569444179534912;-0.4236110746860504;-1.0902777910232544
chirp_20_20k_5s,121,1,27,1536,1432,793,630,9,424,543,119,0,2,0,0,0,1,3,2;0;0;0,0;0;0;0,1.401298464324817e-44;6;3;3;3;-0.7899305820465088;-0.7899305820465088;-0.7899305820465088
chirp_20_20k_5s,122,0,27,1536,1255,793,453,9,366,366,0,0,2,0,0,0,1,3,1;0;0;0,0;0;0;0,1.401298464324817e-44;6;3;3;3;-0.7899305820465088;-0.7899305820465088;-0.7899305820465088
chirp_20_20k_5s,122,1,27,1536,1255,793,453,9,366,366,0,0,2,0,0,0,1,3,1;0;0;0,0;0;0;0,1.401298464324817e-44;6;3;3;3;-0.7760416865348816;-0.7760416865348816;-0.7760416865348816
chirp_20_20k_5s,123,0,27,1536,1514,793,712,9,512,625,113,0,2,0,0,0,1,3,6;0;0;0,7;0;0;0,1.401298464324817e-44;6;3;3;3;-0.7760416865348816;-0.7760416865348816;-0.7760416865348816
chirp_20_20k_5s,123,1,27,1536,1514,793,712,9,512,625,113,0,2,0,0,0,1,3,6;0;0;0,7;0;0;0,1.401298464324817e-44;6;3;3;3;-1.0364583730697632;-1.0364583730697632;-1.0364583730697632
chirp_20_20k_5s,124,0,27,1536,1522,793,720,9,486,594,108,0,2,0,0,0,1,3,2;6;0;0,0;7;0;0,1.401298464324817e-44;6;3;3;3;-1.0364583730697632;-1.0364583730697632;-1.0364583730697632
chirp_20_20k_5s,124,1,27,1536,1522,793,720,9,486,594,108,0,2,0,0,0,1,3,2;6;0;0,0;7;0;0,1.401298464324817e-44;6;3;3;3;-1.123263955116272;-1.123263955116272;-1.123263955116272
chirp_20_20k_5s,125,0,27,1536,1499,793,697,9,465,610,145,0,2,0,0,0,1,3,0;6;0;0,0;7;0;0,1.401298464324817e-44;6;3;3;3;-1.123263955116272;-1.123263955116272;-1.123263955116272
chirp_20_20k_5s,125,1,27,1536,1499,793,697,9,465,610,145,0,2,0,0,0,1,3,0;6;0;0,0;7;0;0,1.401298464324817e-44;6;3;3;3;-1.138888955116272;-1.138888955116272;-1.138888955116272
chirp_20_20k_5s,126,0,27,1536,1458,793,656,9,459,569,110,0,2,0,0,0,1,3,0;0;3;0,0;0;0;0,1.401298464324817e-44;6;3;3;3;-1.138888955116272;-1.138888955116272;-1.138888955116272
chirp_20_20k_5s,126,1,27,1536,1458,793,656,9,459,569,110,0,2,0,0,0,1,3,0;0;3;0,0;0;0;0,1.401298464324817e-44;6;3;3;3;-1.3472222089767456;-1.3472222089767456;-1.3472222089767456
chirp_20_20k_5s,127,0,27,1536,1465,793,663,9,515,576,61,0,2,0,0,0,1,3,0;0;0;0,0;0;0;0,1.401298464324817e-44;6;3;3;3;-1.3472222089767456;-1.3472222089767456;-1.3472222089767456
chirp_20_20k_5s,127,1,27,1536,1465,793,663,9,515,576,61,0,2,0,0,0,1,3,0;0;0;0,0;0;0;0,1.401298464324817e-44;6;3;3;3;-1.314236044883728;-1.314236044883728;-1.314236044883728
chirp_20_20k_5s,128,0,27,1536,1460,793,658,9,543,571,28,0,2,0,0,0,1,3,0;0;0;6,0;0;0;7,1.401298464324817e-44;6;3;3;3;-1.314236044883728;-1.314236044883728;-1.314236044883728
chirp_20_20k_5s,128,1,27,1536,1460,793,658,9,543,571,28,0,2,0,0,0,1,3,0;0;0;6,0;0;0;7,1.401298464324817e-44;6;3;3;3;-1.282986044883728;-1.282986044883728;-1.282986044883728
chirp_20_20k_5s,129,0,28,1536,1523,793,721,9,631,598,-33,0,2,0,0,0,1,3,0;0;0;4,0;0;0;0,1.401298464324817e-44;6;3;3;3;-1.282986044883728;-1.282986044883728;-1.282986044883728
chirp_20_20k_5s,129,1,28,1536,1523,793,721,9,631,598,-33,0,2,0,0,0,1,3,0;0;0;4,0;0;0;0,1.401298464324817e-44;6;3;3;3;0.2673611640930176;-1.3993054628372192;-1.3993054628372192
chirp_20_20k_5s,130,0,28,1536,1525,793,723,9,628,628,0,0,2,0,0,0,1,3,0;0;0;0,0;0;0;0,1.401298464324817e-44;6;3;3;3;0.2673611640930176;-1.3993054628372192;-1.3993054628372192
chirp_20_20k_5s,130,1,28,1536,1525,793,723,9,628,628,0,0,2,0,0,0,1,3,0;0;0;0,0;0;0;0,1.401298464324817e-44;6;3;3;3;0.5954861640930176;-1.4045138359069824;-1.4045138359069824
chirp_20_20k_5s,131,0,28,1536,1513,793,711,9,530,608,78,0,2,0,0,0,1,3,0;0;0;0,0;0;0;0,1.401298464324817e-44;6;3;3;3;0.5954861640930176;-1.4045138359069824;-1.4045138359069824
chirp_20_20k_5s,131,1,28,1536,1513,793,711,9,530,608,78,0,2,0,0,0,1.3850929279680169,3,0;0;0;0,0;0;0;0,1.401298464324817e-44;6;3;3;3;-0.2795139253139496;0.387152761220932;-1.279513955116272
chirp_20_20k_5s,132,0,28,1536,1527,793,725,9,588,612,24,0,2,0,0,0,1.3850929279680169,3,0;0;0;0,0;0;0;0,1.401298464324817e-44;6;3;3;3;-0.2795139253139496;0.387152761220932;-1.279513955116272
chirp_20_20k_5s,132,1,28,1536,1527,793,725,9,588,612,24,0,2,0,0,0,1,3,0;0;0;0,0;0;0;0,1.401298464324817e-44;6;3;3;3;-1.015625;-1.3489583730697632;-1.3489583730697632
chirp_20_20k_5s,133,0,28,1536,1517,793,715,9,586,586,0,0,2,0,0,0,1,3,0;0;0;0,0;0;0;0,1.401298464324817e-44;6;3;3;3;-1.015625;-1.3489583730697632;-1.3489583730697632
chirp_20_20k_5s,133,1,28,1536,1517,793,715,9,586,586,0,0,2,0,0,0,1,3,0;0;0;0,0;0;0;0,1.401298464324817e-44;6;3;3;3;-1.3645833730697632;-1.3645833730697632;-1.3645833730697632
chirp_20_20k_5s,134,0,28,1536,1512,793,710,9,620,620,0,0,2,0,0,0,1,3,0;0;0;0,0;0;0;0,1.401298464324817e-44;6;3;3;3;-1.3645833730697632;-1.3645833730697632;-1.3645833730697632
chirp_20_20k_5s,134,1,28,1536,1512,793,710,9,620,620,0,0,2,0,0,0,1,3,0;0;0;0,0;0;0;0,1.401298464324817e-44;6;3;3;3;-1.2430555820465088;-1.2430555820465088;-0.5763888955116272
chirp_20_20k_5s,135,0,28,1536,1515,793,713,9,778,619,-159,0,2,0,0,0,1,3,0;0;0;0,0;0;0;0,1.401298464324817e-44;6;3;3;3;-1.2430555820465088;-1.2430555820465088;-0.5763888955116272
chirp_20_20k_5s,135,1,28,1536,1515,793,713,9,778,619,-159,0,2,0,0,0,1,3,0;0;0;0,0;0;0;0,1.401298464324817e-44;6;3;3;3;-1.2847222089767456;-1.2847222089767456;-1.2847222089767456
chirp_20_20k_5s,136,0,28,1536,1528,793,726,9,853,607,-246,0,2,0,0,0,1,3,0;0;0;0,0;0;0;0,1.401298464324817e-44;6;3;3;3;-1.2847222089767456;-1.2847222089767456;-1.2847222089767456
chirp_20_20k_5s,136,1,28,1536,1528,793,726,9,853,607,-246,0,2,0,0,0,1,3,0;0;0;0,0;0;0;0,1.401298464324817e-44;6;3;3;3;-1.3489583730697632;-1.3489583730697632;-1.3489583730697632
chirp_20_20k_5s,137,0,28,1536,1503,793,701,9,795,611,-184,0,2,0,0,0,1,3,0;0;0;0,0;0;0;0,1.401298464324817e-44;6;3;3;3;-1.3489583730697632;-1.3489583730697632;-1.3489583730697632
chirp_20_20k_5s,137,1,28,1536,1503,793,701,9,795,611,-184,0,2,0,0,0,1,3,0;0;0;0,0;0;0;0,1.401298464324817e-44;6;3;3;3;-1.201388955116272;-1.201388955116272;-1.201388955116272
chirp_20_20k_5s,138,0,28,1536,1511,793,709,9,770,619,-151,51753988,2,51753988,0,0,1,3,0;0;0;0,0;0;0;0,1.401298464324817e-44;6;3;3;3;-1.201388955116272;-1.201388955116272;-1.201388955116272
chirp_20_20k_5s,138,1,28,1536,1511,793,709,9,770,619,-151,51829252,2,51829252,0,0,1,3,0;0;0;0,0;0;0;0,1.401298464324817e-44;6;3;3;3;-1.1666666269302368;-1.1666666269302368;-1.1666666269302368
chirp_20_20k_5s,139,0,28,1536,1526,793,724,9,631,563,-68,51804164,2,51804164,0,0,1,3,0;0;0;0,0;0;0;0,1.401298464324817e-44;6;3;3;3;-1.1666666269302368;-1.1666666269302368;-1.1666666269302368
chirp_20_20k_5s,139,1,28,1536,1526,793,724,9,631,563,-68,51879428,2,51879428,0,0,1,3,0;0;0;0,0;0;0;0,1.401298464324817e-44;6;3;3;3;-1.2864583730697632;-1.2864583730697632;-1.2864583730697632
chirp_20_20k_5s,140,0,28,1536,1519,793,717,9,545,627,82,51779076,2,51779076,0,0,1,3,0;0;0;0,0;0;0;0,1.401298464324817e-44;6;3;3;3;-1.2864583730697632;-1.2864583730697632;-1.2864583730697632
chirp_20_20k_5s,140,1,28,1536,1519,793,717,9,545,627,82,51854340,2,51854340,0,0,1,3,0;0;0;0,0;0;0;0,1.401298464324817e-44;6;3;3;3;-0.8559027314186096;-0.5225694179534912;-1.189236044883728
chirp_20_20k_5s,141,0,28,1536,1521,793,719,9,520,629,109,51753988,2,51753988,0,0,1,3,0;0;0;0,0;0;0;0,1.401298464324817e-44;6;3;3;3;-0.8559027314186096;-0.5225694179534912;-1.189236044883728
chirp_20_20k_5s,141,1,28,1536,1521,793,719,9,520,629,109,51829252,2,51829252,0,0,1,3,0;0;0;0,0;0;0;0,1.401298464324817e-44;6;3;3;3;-1.1024305820465088;-1.1024305820465088;-1.1024305820465088
chirp_20_20k_5s,142,0,28,1536,1526,793,724,9,560,601,41,51804164,2,51804164,0,0,1,3,0;0;0;0,0;0;0;0,1.401298464324817e-44;6;3;3;3;-1.1024305820465088;-1.1024305820465088;-1.1024305820465088
chirp_20_20k_5s,142,1,28,1536,1526,793,724,9,560,601,41,51879428,2,51879428,0,0,1,3,0;0;0;0,0;0;0;0,1.401298464324817e-44;6;3;3;3;-1.203125;-1.203125;-1.203125
chirp_20_20k_5s,143,0,28,1536,1524,793,722,9,595,595,0,51779076,2,51779076,0,0,1,3,0;0;0;0,0;0;0;0,1.401298464324817e-44;6;3;3;3;-1.203125;-1.203125;-1.203125
chirp_20_20k_5s,143,1,28,1536,1524,793,722,9,595,595,0,51854340,2,51854340,0,0,1,3,0;0;0;0,0;0;0;0,1.401298464324817e-44;6;3;3;3;-0.8020833134651184;-1.1354166269302368;-1.1354166269302368
chirp_20_20k_5s,144,0,28,1536,1424,793,622,9,532,532,0,51753988,2,51753988,0,0,1,3,0;0;0;0,0;0;0;0,1.401298464324817e-44;6;3;3;3;-0.8020833134651184;-1.1354166269302368;-1.1354166269302368
chirp_20_20k_5s,144,1,28,1536,1424,793,622,9,532,532,0,51829252,2,51829252,0,0,1,3,0;0;0;0,0;0;0;0,1.401298464324817e-44;6;3;3;3;-1.046875;-1.046875;-1.046875
chirp_20_20k_5s,145,0,29,1536,1498,793,696,9,483,603,120,51804164,2,51804164,0,0,1,3,0;0;0;0,0;0;0;0,1.401298464324817e-44;6;3;3;3;-1.046875;-1.046875;-1.046875
chirp_20_20k_5s,145,1,29,1536,1498,793,696,9,483,603,120,51879428,2,51879428,0,0,1,3,0;0;0;0,0;0;0;0,1.401298464324817e-44;6;3;3;3;-1.092013955116272;-1.092013955116272;-0.7586805820465088
chirp_20_20k_5s,146,0,29,1536,1521,793,719,9,419,544,125,51779076,2,51779076,0,0,1,3,0;0;0;0,0;0;0;0,1.401298464324817e-44;6;3;3;3;-1.092013955116272;-1.092013955116272;-0.7586805820465088
chirp_20_20k_5s,146,1,29,1536,1521,793,719,9,419,544,125,51854340,2,51854340,0,0,1,3,0;0;0;0,0;0;0;0,1.401298464324817e-44;6;3;3;3;-1.0989583730697632;-1.0989583730697632;-1.0989583730697632
chirp_20_20k_5s,147,0,29,1536,1456,793,654,9,495,561,66,51753988,2,51753988,0,0,1,3,0;0;0;0,0;0;0;0,1.401298464324817e-44;6;3;3;3;-1.0989583730697632;-1.0989583730697632;-1.0989583730697632
chirp_20_20k_5s,147,1,29,1536,1456,793,654,9,495,561,66,51829252,2,51829252,0,0,1,3,0;0;0;0,0;0;0;0,1.401298464324817e-44;6;3;3;3;-0.9756944179534912;-0.9756944179534912;-0.9756944179534912
chirp_20_20k_5s,148,0,29,1536,1438,793,636,9,375,543,168,51804164,2,51804164,0,0,1,3,0;0;0;0,0;0;0;0,1.401298464324817e-44;6;3;3;3;-0.9756944179534912;-0.9756944179534912;-0.9756944179534912
chirp_20_20k_5s,148,1,29,1536,1438,793,636,9,375,543,168,51879428,2,51879428,0,0,1,3,0;0;0;0,0;0;0;0,1.401298464324817e-44;6;3;3;3;-0.9930555820465088;-0.9930555820465088;-0.9930555820465088
chirp_20_20k_5s,149,0,29,1536,1402,793,600,9,485,507,22,51779076,2,51779076,0,0,1,3,0;0;0;0,0;0;0;0,1.401298464324817e-44;6;3;3;3;-0.9930555820465088;-0.9930555820465088;-0.9930555820465088
chirp_20_20k_5s,149,1,29,1536,1402,793,600,9,485,507,22,51854340,2,51854340,0,0,1,3,0;0;0;0,0;0;0;0,1.401298464324817e-44;6;3;3;3;-1.046875;-1.046875;-1.046875
chirp_20_20k_5s,150,0,29,1536,1473,793,671,9,507,578,71,51754044,2,51754044,0,0,1,3,0;0;0;0,0;0;0;0,1.401298464324817e-44;6;3;3;3;-1.046875;-1.046875;-1.046875
chirp_20_20k_5s,150,1,29,1536,1473,793,671,9,507,578,71,51829308,2,51829308,0,0,1,3,0;0;0;0,0;0;0;0,1.401298464324817e-44;6;3;3;3;-0.9114583134651184;-0.9114583134651184;-0.9114583134651184
chirp_20_20k_5s,151,0,29,1536,1399,793,597,9,504,504,0,0,2,0,0,0,1,3,0;0;0;0,0;0;0;0,1.401298464324817e-44;6;3;3;3;-0.9114583134651184;-0.9114583134651184;-0.9114583134651184
chirp_20_20k_5s,151,1,29,1536,1399,793,597,9,504,504,0,0,2,0,0,0,1,3,0;0;0;0,0;0;0;0,1.401298464324817e-44;6;3;3;3;-0.890625;-0.890625;-0.890625
chirp_20_20k_5s,152,0,29,1536,1508,795,701,12,607,608,1,0,2,0,0,0,1,4,0;0;0;0,0;0;0;0,1.401298464324817e-44;6;3;3;3;-0.890625;-0.890625;-0.890625
chirp_20_20k_5s,152,1,29,1536,1508,795,701,12,607,608,1,0,2,0,0,0,1,4,0;0;0;0,0;0;0;0,1.401298464324817e-44;6;3;3;3;-0.78515625;-0.78515625;-0.78515625
chirp_20_20k_5s,153,0,29,1536,1515,795,708,12,615,615,0,0,2,0,0,0,1,4,0;0;0;0,0;0;0;0,1.401298464324817e-44;6;3;3;3;-0.78515625;-0.78515625;-0.78515625
chirp_20_20k_5s,153,1,29,1536,1515,795,708,12,615,615,0,0,2,0,0,0,1,4,0;0;0;0,0;0;0;0,1.401298464324817e-44;6;3;3;3;-0.7096354365348816;-0.7096354365348816;-0.7096354365348816
chirp_20_20k_5s,154,0,29,1536,1509,795,702,12,575,609,34,0,2,0,0,0,1,4,0;0;0;0,0;0;0;0,1.401298464324817e-44;6;3;3;3;-0.7096354365348816;-0.7096354365348816;-0.7096354365348816
chirp_20_20k_5s,154,1,29,1536,1509,795,702,12,575,609,34,0,2,0,0,0,1,4,0;0;0;0,0;0;0;0,1.401298464324817e-44;6;3;3;3;-0.6627604365348816;-0.6627604365348816;-0.6627604365348816
chirp_20_20k_5s,155,0,29,1536,1457,795,650,12,444,557,113,0,2,0,0,0,1,4,0;0;0;0,0;0;0;0,1.401298464324817e-44;6;3;3;3;-0.6627604365348816;-0.6627604365348816;-0.6627604365348816
chirp_20_20k_5s,155,1,29,1536,1457,795,650,12,444,557,113,0,2,0,0,0,1,4,0;0;0;0,0;0;0;0,1.401298464324817e-44;6;3;3;3;-0.7421875;-0.7421875;-0.7421875
chirp_20_20k_5s,156,0,29,1536,1522,795,715,12,425,545,120,0,2,0,0,0,1,4,0;0;0;0,0;0;0;0,1.401298464324817e-44;6;3;3;3;-0.7421875;-0.7421875;-0.7421875
chirp_20_20k_5s,156,1,29,1536,1522,795,715,12,425,545,120,0,2,0,0,0,1,4,0;0;0;0,0;0;0;0,1.401298464324817e-44;6;3;3;3;-0.75;-0.75;-0.75
chirp_20_20k_5s,157,0,29,1536,1451,795,644,12,387,551,164,0,2,0,0,0,1,4,0;0;0;0,0;0;0;0,1.401298464324817e-44;6;3;3;3;-0.75;-0.75;-0.75
chirp_20_20k_5s,157,1,29,1536,1451,795,644,12,387,551,164,0,2,0,0,1,3.129032231270336,4,0;0;0;0,0;0;0;0,1.401298464324817e-44;6;3;3;3;-0.65625;-0.3229166567325592;1.0104166269302368
chirp_20_20k_5s,158,0,29,1536,1525,795,718,12,462,570,108,0,2,0,0,1,3.129032231270336,4,0;0;0;0,0;0;0;0,1.401298464324817e-44;6;3;3;3;-0.65625;-0.3229166567325592;1.0104166269302368
chirp_20_20k_5s,158,1,29,1536,1525,795,718,12,462,570,108,0,2,0,0,0,1.5099602356552864,4,0;0;0;0,0;0;0;0,1.401298464324817e-44;6;3;3;3;0.6536458134651184;0.9869791865348816;-0.6796875
chirp_20_20k_5s,159,0,30,1536,1519,795,712,12,505,594,89,0,2,0,0,0,1.5099602356552864,4,0;0;2;4,0;0;0;0,1.401298464324817e-44;6;3;3;3;0.6536458134651184;0.9869791865348816;-0.6796875
chirp_20_20k_5s,159,1,30,1536,1519,795,712,12,505,594,89,0,2,0,0,0,1,4,0;0;2;4,0;0;0;0,1.401298464324817e-44;6;3;3;3;0.2434895783662796;-0.7565104365348816;-0.7565104365348816
chirp_20_20k_5s,160,0,30,1536,1487,795,680,12,399,584,185,0,2,0,0,0,1,4,0;4;3;0,0;0;0;0,1.401298464324817e-44;6;3;3;3;0.2434895783662796;-0.7565104365348816;-0.7565104365348816
chirp_20_20k_5s,160,1,30,1536,1487,795,680,12,399,584,185,0,2,0,0,0,1,4,0;4;3;0,0;0;0;0,1.401298464324817e-44;6;3;3;3;-0.6809895634651184;-0.34765625;-0.6809895634651184
chirp_20_20k_5s,161,0,30,1536,1481,795,674,12,506,578,72,0,2,0,0,0,1,4,7;0;0;0,7;0;0;0,1.401298464324817e-44;6;3;3;3;-0.6809895634651184;-0.34765625;-0.6809895634651184
chirp_20_20k_5s,161,1,30,1536,1481,795,674,12,506,578,72,0,2,0,0,0,1,4,7;0;0;0,7;0;0;0,1.401298464324817e-44;6;3;3;3;-0.7005208134651184;-0.3671875;-0.7005208134651184
chirp_20_20k_5s,162,0,30,1536,1473,795,666,12,452,570,118,0,2,0,0,0,1,4,2;4;0;0,0;0;0;0,1.401298464324817e-44;6;3;3;3;-0.7005208134651184;-0.3671875;-0.7005208134651184
chirp_20_20k_5s,162,1,30,1536,1473,795,666,12,452,570,118,0,2,0,0,0,1,4,2;4;0;0,0;0;0;0,1.401298464324817e-44;6;3;3;3;-0.74609375;-0.74609375;-0.74609375
chirp_20_20k_5s,163,0,30,1536,1517,795,710,12,392,614,222,0,2,0,0,0,1,4,0;0;4;3,0;0;0;0,1.401298464324817e-44;6;3;3;3;-0.74609375;-0.74609375;-0.74609375
chirp_20_20k_5s,163,1,30,1536,1517,795,710,12,392,614,222,0,2,0,0,0,1,4,0;0;4;3,0;0;0;0,1.401298464324817e-44;6;3;3;3;-0.7018229365348816;-0.7018229365348816;-0.7018229365348816
chirp_20_20k_5s,164,0,30,1536,1509,795,702,12,516,606,90,0,2,0,0,0,1,4,0;0;0;2,0;0;0;0,1.401298464324817e-44;6;3;3;3;-0.7018229365348816;-0.7018229365348816;-0.7018229365348816
chirp_20_20k_5s,164,1,30,1536,1509,795,702,12,516,606,90,0,2,0,0,0,1,4,0;0;0;2,0;0;0;0,1.401298464324817e-44;6;3;3;3;0.6223958134651184;-0.0442708320915699;-0.7109375
chirp_20_20k_5s,165,0,30,1536,1502,795,695,12,569,599,30,0,2,0,0,0,1,4,0;0;0;0,0;0;0;0,1.401298464324817e-44;6;3;3;3;0.6223958134651184;-0.0442708320915699;-0.7109375
chirp_20_20k_5s,165,1,30,1536,1502,795,695,12,569,599,30,0,2,0,0,0,1.1768707742496414,4,0;0;0;0,0;0;0;0,1.401298464324817e-44;6;3;3;3;-0.765625;0.9010416865348816;0.9010416865348816
chirp_20_20k_5s,166,0,30,1536,1517,795,710,12,575,605,30,0,2,0,0,0,1.1768707742496414,4,0;0;0;0,0;0;0;0,1.401298464324817e-44;6;3;3;3;-0.765625;0.9010416865348816;0.9010416865348816
chirp_20_20k_5s,166,1,30,1536,1517,795,710,12,575,605,30,0,2,0,0,0,1,4,0;0;0;0,0;0;0;0,1.401298464324817e-44;6;3;3;3;-0.7122395634651184;-0.7122395634651184;-0.0455729179084301
chirp_20_20k_5s,167,0,30,1536,1528,795,721,12,539,581,42,0,2,0,0,0,1,4,0;0;0;0,0;0;0;0,1.401298464324817e-44;6;3;3;3;-0.7122395634651184;-0.7122395634651184;-0.0455729179084301
chirp_20_20k_5s,167,1,30,1536,1528,795,721,12,539,581,42,0,2,0,0,0,1,4,0;0;0;0,0;0;0;0,1.401298464324817e-44;6;3;3;3;-0.7096354365348816;-0.7096354365348816;-0.7096354365348816
chirp_20_20k_5s,168,0,31,1536,1522,795,715,12,1053,498,-555,0,2,0,0,0,1,4,0;0;0;0,0;0;0;0,1.401298464324817e-44;6;3;3;3;-0.7096354365348816;-0.7096354365348816;-0.7096354365348816
chirp_20_20k_5s,168,1,31,1536,1522,795,715,12,1053,498,-555,0,2,0,0,0,1,4,0;0;0;0,0;0;0;0,1.401298464324817e-44;6;3;3;3;-0.8515625;-0.8515625;-0.8515625
chirp_20_20k_5s,169,0,31,1536,1525,795,718,12,890,590,-300,0,2,0,0,0,1,4,0;0;0;0,0;0;0;0,1.401298464324817e-44;6;3;3;3;-0.8515625;-0.8515625;-0.8515625
chirp_20_20k_5s,169,1,31,1536,1525,795,718,12,890,590,-300,0,2,0,0,0,1,4,0;0;0;0,0;0;0;0,1.401298464324817e-44;6;3;3;3;-0.8697916865348816;-0.8697916865348816;-0.8697916865348816
chirp_20_20k_5s,170,0,31,1536,1523,795,716,12,953,598,-355,0,2,0,0,0,1,4,0;0;0;0,0;0;0;0,1.401298464324817e-44;6;3;3;3;-0.8697916865348816;-0.8697916865348816;-0.8697916865348816
chirp_20_20k_5s,170,1,31,1536,1523,795,716,12,953,598,-355,0,2,0,0,0,1,4,0;0;0;0,0;0;0;0,1.401298464324817e-44;6;3;3;3;-0.8450520634651184;-0.8450520634651184;-0.8450520634651184
chirp_20_20k_5s,171,0,31,1536,1514,795,707,12,838,608,-230,0,2,0,0,0,1,4,0;0;0;0,0;0;0;0,1.401298464324817e-44;6;3;3;3;-0.8450520634651184;-0.8450520634651184;-0.8450520634651184
chirp_20_20k_5s,171,1,31,1536,1514,795,707,12,838,608,-230,0,2,0,0,0,1,4,0;0;0;0,0;0;0;0,1.401298464324817e-44;6;3;3;3;-0.9270833134651184;-0.9270833134651184;-0.9270833134651184
chirp_20_20k_5s,172,0,31,1536,1525,795,718,12,820,603,-217,0,2,0,0,0,1,4,0;0;0;0,0;0;0;0,1.401298464324817e-44;6;3;3;3;-0.9270833134651184;-0.9270833134651184;-0.9270833134651184
chirp_20_20k_5s,172,1,31,1536,1525,795,718,12,820,603,-217,0,2,0,0,0,1,4,0;0;0;0,0;0;0;0,1.401298464324817e-44;6;3;3;3;-0.6119791865348816;-0.9453125;-0.9453125
chirp_20_20k_5s,173,0,31,1536,1522,795,715,12,886,552,-334,0,2,0,0,0,1,4,0;0;0;0,0;0;0;0,1.401298464324817e-44;6;3;3;3;-0.6119791865348816;-0.9453125;-0.9453125
chirp_20_20k_5s,173,1,31,1536,1522,795,715,12,886,552,-334,0,2,0,0,0,1,4,0;0;0;0,0;0;0;0,1.401298464324817e-44;6;3;3;3;-0.9388020634651184;-0.9388020634651184;-0.9388020634651184
chirp_20_20k_5s,174,0,31,1536,1522,795,715,12,863,511,-352,0,2,0,0,0,1,4,0;0;0;0,0;0;0;0,1.401298464324817e-44;6;3;3;3;-0.9388020634651184;-0.9388020634651184;-0.9388020634651184
chirp_20_20k_5s,174,1,31,1536,1522,795,715,12,863,511,-352,0,2,0,0,0,1,4,0;0;0;0,0;0;0;0,1.401298464324817e-44;6;3;3;3;-0.984375;-0.984375;-0.984375
chirp_20_20k_5s,175,0,31,1536,1523,795,716,12,827,460,-367,0,2,0,0,0,1,4,0;0;0;0,0;0;0;0,1.401298464324817e-44;6;3;3;3;-0.984375;-0.984375;-0.984375
chirp_20_20k_5s,175,1,31,1536,1523,795,716,12,827,460,-367,0,2,0,0,0,1,4,0;0;0;0,0;0;0;0,1.401298464324817e-44;6;3;3;3;-1.0078125;-1.0078125;-1.0078125
chirp_20_20k_5s,176,0,31,1536,1455,795,648,12,722,549,-173,0,2,0,0,0,1,4,0;0;0;0,0;0;0;0,1.401298464324817e-44;6;3;3;3;-1.0078125;-1.0078125;-1.0078125
chirp_20_20k_5s,176,1,31,1536,1455,795,648,12,722,549,-173,0,2,0,0,0,1,4,0;0;0;0,0;0;0;0,1.401298464324817e-44;6;3;3;3;-0.91015625;-0.91015625;-0.91015625
chirp_20_20k_5s,177,0,31,1536,1494,795,687,12,747,566,-181,0,2,0,0,0,1,4,0;0;0;0,0;0;0;0,1.401298464324817e-44;6;3;3;3;-0.91015625;-0.91015625;-0.91015625
chirp_20_20k_5s,177,1,31,1536,1494,795,687,12,747,566,-181,0,2,0,0,0,1,4,0;0;0;0,0;0;0;0,1.401298464324817e-44;6;3;3;3;-0.9388020634651184;-0.9388020634651184;-0.9388020634651184
chirp_20_20k_5s,178,0,31,1536,1524,795,717,12,786,596,-190,0,2,0,0,0,1,4,0;0;0;0,0;0;0;0,1.401298464324817e-44;6;3;3;3;-0.9388020634651184;-0.9388020634651184;-0.9388020634651184
chirp_20_20k_5s,178,1,31,1536,1524,795,717,12,786,596,-190,0,2,0,0,0,1,4,0;0;0;0,0;0;0;0,1.401298464324817e-44;6;3;3;3;-0.9427083134651184;-0.9427083134651184;-0.9427083134651184
chirp_20_20k_5s,179,0,31,1536,1520,795,713,12,822,614,-208,0,2,0,0,0,1,4,0;0;0;0,0;0;0;0,1.401298464324817e-44;6;3;3;3;-0.9427083134651184;-0.9427083134651184;-0.9427083134651184
chirp_20_20k_5s,179,1,31,1536,1520,795,713,12,822,614,-208,0,2,0,0,0,1,4,0;0;0;0,0;0;0;0,1.401298464324817e-44;6;3;3;3;-0.8580729365348816;-0.8580729365348816;-0.8580729365348816
chirp_20_20k_5s,180,0,31,1536,1513,795,706,12,746,544,-202,0,2,0,0,0,1,4,0;0;0;0,0;0;0;0,1.401298464324817e-44;6;3;3;3;-0.8580729365348816;-0.8580729365348816;-0.8580729365348816
chirp_20_20k_5s,180,1,31,1536,1513,795,706,12,746,544,-202,0,2,0,0,0,1,4,0;0;0;0,0;0;0;0,1.401298464324817e-44;6;3;3;3;-0.7473958134651184;-0.7473958134651184;-0.7473958134651184
chirp_20_20k_5s,181,0,31,1536,1457,795,650,12,820,544,-276,0,2,0,0,0,1,4,0;0;0;0,0;0;0;0,1.401298464324817e-44;6;3;3;3;-0.7473958134651184;-0.7473958134651184;-0.7473958134651184
chirp_20_20k_5s,181,1,31,1536,1457,795,650,12,820,544,-276,0,2,0,0,0,1,4,0;0;0;0,0;0;0;0,1.401298464324817e-44;6;3;3;3;-0.62890625;-0.62890625;-0.62890625
chirp_20_20k_5s,182,0,31,1536,1526,795,719,12,754,545,-209,0,2,0,0,0,1,4,0;0;0;0,0;0;0;0,1.401298464324817e-44;6;3;3;3;-0.62890625;-0.62890625;-0.62890625
chirp_20_20k_5s,182,1,31,1536,1526,795,719,12,754,545,-209,0,2,0,0,0,1,4,0;0;0;0,0;0;0;0,1.401298464324817e-44;6;3;3;3;-0.7643229365348816;-0.7643229365348816;-0.7643229365348816
chirp_20_20k_5s,183,0,31,1536,1516,795,709,12,765,607,-158,0,2,0,0,0,1,4,0;0;0;0,0;0;0;0,1.401298464324817e-44;6;3;3;3;-0.7643229365348816;-0.7643229365348816;-0.7643229365348816
chirp_20_20k_5s,183,1,31,1536,1516,795,709,12,765,607,-158,0,2,0,0,0,1,4,0;0;0;0,0;0;0;0,1.401298464324817e-44;6;3;3;3;-0.8216145634651184;-0.8216145634651184;-0.8216145634651184
chirp_20_20k_5s,184,0,31,1536,1526,795,719,12,779,568,-211,0,2,0,0,0,1,4,0;0;0;0,0;0;0;0,1.401298464324817e-44;6;3;3;3;-0.8216145634651184;-0.8216145634651184;-0.8216145634651184
chirp_20_20k_5s,184,1,31,1536,1526,795,719,12,779,568,-211,0,2,0,0,0,1,4,0;0;0;0,0;0;0;0,1.401298464324817e-44;6;3;3;3;-0.9453125;-0.9453125;-0.9453125
chirp_20_20k_5s,185,0,31,1536,1524,795,717,12,802,591,-211,0,2,0,0,0,1,4,0;0;0;0,0;0;0;0,1.401298464324817e-44;6;3;3;3;-0.9453125;-0.9453125;-0.9453125
chirp_20_20k_5s,185,1,31,1536,1524,795,717,12,802,591,-211,0,2,0,0,0,1,4,0;0;0;0,0;0;0;0,1.401298464324817e-44;6;3;3;3;-0.9791666865348816;-0.9791666865348816;-0.9791666865348816
chirp_20_20k_5s,186,0,31,1536,1517,795,710,12,752,611,-141,0,2,0,0,0,1,4,0;0;0;0,0;0;0;0,1.401298464324817e-44;6;3;3;3;-0.9791666865348816;-0.9791666865348816;-0.9791666865348816
chirp_20_20k_5s,186,1,31,1536,1517,795,710,12,752,611,-141,0,2,0,0,0,1,4,0;0;0;0,0;0;0;0,1.401298464324817e-44;6;3;3;3;-0.921875;-0.921875;-0.921875
chirp_20_20k_5s,187,0,31,1536,1486,795,679,12,763,580,-183,0,2,0,0,0,1,4,0;0;0;0,0;0;0;0,1.401298464324817e-44;6;3;3;3;-0.921875;-0.921875;-0.921875
chirp_20_20k_5s,187,1,31,1536,1486,795,679,12,763,580,-183,0,2,0,0,0,1,4,0;0;0;0,0;0;0;0,1.401298464324817e-44;6;3;3;3;-0.9505208134651184;-0.9505208134651184;-0.9505208134651184
chirp_20_20k_5s,188,0,31,1536,1527,795,720,12,811,423,-388,0,2,0,0,0,1,4,0;0;0;0,0;0;0;0,1.401298464324817e-44;6;3;3;3;-0.9505208134651184;-0.9505208134651184;-0.9505208134651184
chirp_20_20k_5s,188,1,31,1536,1527,795,720,12,811,423,-388,0,2,0,0,0,1,4,0;0;0;0,0;0;0;0,1.401298464324817e-44;6;3;3;3;-0.96484375;-0.96484375;-0.96484375
chirp_20_20k_5s,189,0,31,1536,1523,795,716,12,788,591,-197,0,2,0,0,0,1,4,0;0;0;0,0;0;0;0,1.401298464324817e-44;6;3;3;3;-0.96484375;-0.96484375;-0.96484375
chirp_20_20k_5s,189,1,31,1536,1523,795,716,12,788,591,-197,0,2,0,0,0,1,4,0;0;0;0,0;0;0;0,1.401298464324817e-44;6;3;3;3;-0.8893229365348816;-0.8893229365348816;-0.8893229365348816
chirp_20_20k_5s,190,0,31,1536,1527,795,720,12,819,568,-251,0,2,0,0,0,1,4,0;0;0;0,0;0;0;0,1.401298464324817e-44;6;3;3;3;-0.8893229365348816;-0.8893229365348816;-0.8893229365348816
chirp_20_20k_5s,190,1,31,1536,1527,795,720,12,819,568,-251,0,2,0,0,0,1,4,0;0;0;0,0;0;0;0,1.401298464324817e-44;6;3;3;3;-0.921875;-0.921875;-0.2552083432674408
chirp_20_20k_5s,191,0,31,1536,1525,795,718,12,813,597,-216,0,2,0,0,0,1,4,0;0;0;0,0;0;0;0,1.401298464324817e-44;6;3;3;3;-0.921875;-0.921875;-0.2552083432674408
chirp_20_20k_5s,191,1,31,1536,1525,795,718,12,813,597,-216,0,2,0,0,0,1,4,0;0;0;0,0;0;0;0,1.401298464324817e-44;6;3;3;3;0.37109375;0.0377604179084301;-0.62890625
chirp_20_20k_5s,192,0,31,1536,1517,795,710,12,819,611,-208,0,2,0,0,0,1,4,0;0;2;0,0;0;0;0,1.401298464324817e-44;6;3;3;3;0.37109375;0.0377604179084301;-0.62890625
chirp_20_20k_5s,192,1,31,1536,1517,795,710,12,819,611,-208,0,2,0,0,0,1,4,0;0;2;0,0;0;0;0,1.401298464324817e-44;6;3;3;3;-0.8216145634651184;-0.8216145634651184;-0.8216145634651184
chirp_20_20k_5s,193,0,31,1536,1510,795,703,12,842,589,-253,0,2,0,0,0,1,4,3;0;0;0,0;0;0;0,1.401298464324817e-44;6;3;3;3;-0.8216145634651184;-0.8216145634651184;-0.8216145634651184
chirp_20_20k_5s,193,1,31,1536,1510,795,703,12,842,589,-253,0,2,0,0,0,1,4,3;0;0;0,0;0;0;0,1.401298464324817e-44;6;3;3;3;-0.7916666865348816;-0.7916666865348816;-0.7916666865348816
chirp_20_20k_5s,194,0,31,1536,1494,795,687,12,502,588,86,0,2,0,0,0,1,4,0;1;1;2,0;0;0;0,1.401298464324817e-44;6;3;3;3;-0.7916666865348816;-0.7916666865348816;-0.7916666865348816
chirp_20_20k_5s,194,1,31,1536,1494,795,687,12,502,588,86,0,2,0,0,0,1,4,0;1;1;2,0;0;0;0,1.401298464324817e-44;6;3;3;3;-0.5013020634651184;-0.8346354365348816;-0.8346354365348816
chirp_20_20k_5s,195,0,31,1536,1493,795,686,12,484,587,103,0,2,0,0,0,1,4,0;0;0;0,0;0;0;0,1.401298464324817e-44;6;3;3;3;-0.5013020634651184;-0.8346354365348816;-0.8346354365348816
chirp_20_20k_5s,195,1,31,1536,1493,795,686,12,484,587,103,0,2,0,0,0,1,4,0;0;0;0,0;0;0;0,1.401298464324817e-44;6;3;3;3;-0.4231770932674408;-0.08984375;-0.4231770932674408
chirp_20_20k_5s,196,0,31,1536,1360,795,553,12,454,454,0,0,2,0,0,0,1,4,0;0;0;0,0;0;0;0,1.401298464324817e-44;6;3;3;3;-0.4231770932674408;-0.08984375;-0.4231770932674408
chirp_20_20k_5s,196,1,31,1536,1360,795,553,12,454,454,0,0,2,0,0,0,1,4,0;0;0;0,0;0;0;0,1.401298464324817e-44;6;3;3;3;-0.6484375;-0.6484375;-0.6484375
chirp_20_20k_5s,197,0,31,1536,1505,795,698,12,483,599,116,0,2,0,0,0,1,4,0;0;0;0,0;0;0;0,1.401298464324817e-44;6;3;3;3;-0.6484375;-0.6484375;-0.6484375
chirp_20_20k_5s,197,1,31,1536,1505,795,698,12,483,599,116,0,2,0,0,0,1,4,0;0;0;0,0;0;0;0,1.401298464324817e-44;6;3;3;3;-0.05859375;-0.7252604365348816;-0.7252604365348816
chirp_20_20k_5s,198,0,31,1536,1461,795,654,12,494,555,61,0,2,0,0,0,1,4,0;0;0;0,0;0;0;0,1.401298464324817e-44;6;3;3;3;-0.05859375;-0.7252604365348816;-0.7252604365348816
chirp_20_20k_5s,198,1,31,1536,1461,795,654,12,494,555,61,0,2,0,0,0,1,4,0;0;0;0,0;0;0;0,1.401298464324817e-44;6;3;3;3;-0.70703125;-0.70703125;-0.70703125
chirp_20_20k_5s,199,0,31,1536,1438,795,631,12,481,532,51,0,2,0,0,0,1,4,0;0;0;0,0;0;0;0,1.401298464324817e-44;6;3;3;3;-0.70703125;-0.70703125;-0.70703125
chirp_20_20k_5s,199,1,31,1536,1438,795,631,12,481,532,51,0,2,0,0,0,1,4,0;0;0;0,0;0;0;0,1.401298464324817e-44;6;3;3;3;-0.6236979365348816;-0.6236979365348816;-0.6236979365348816
chirp_20_20k_5s,200,0,31,1536,1521,795,714,12,532,615,83,0,2,0,0,0,1,4,0;0;0;0,0;0;0;0,1.401298464324817e-44;6;3;3;3;-0.6236979365348816;-0.6236979365348816;-0.6236979365348816
chirp_20_20k_5s,200,1,31,1536,1521,795,714,12,532,615,83,0,2,0,0,0,1,4,0;0;0;0,0;0;0;0,1.401298464324817e-44;6;3;3;3;-0.7005208134651184;-0.7005208134651184;-0.7005208134651184
chirp_20_20k_5s,201,0,31,1536,1527,795,720,12,553,604,51,0,2,0,0,0,1,4,0;0;0;0,0;0;0;0,1.401298464324817e-44;6;3;3;3;-0.7005208134651184;-0.7005208134651184;-0.7005208134651184
chirp_20_20k_5s,201,1,31,1536,1527,795,720,12,553,604,51,0,2,0,0,0,1,4,0;0;0;0,0;0;0;0,1.401298464324817e-44;6;3;3;3;-0.71484375;-0.71484375;-0.71484375
chirp_20_20k_5s,202,0,31,1536,1465,795,658,12,502,559,57,0,2,0,0,0,1,4,0;0;0;0,0;0;0;0,1.401298464324817e-44;6;3;3;3;-0.71484375;-0.71484375;-0.71484375
chirp_20_20k_5s,202,1,31,1536,1465,795,658,12,502,559,57,0,2,0,0,0,1,4,0;0;0;0,0;0;0;0,1.401298464324817e-44;6;3;3;3;-0.6393229365348816;-0.6393229365348816;-0.6393229365348816
chirp_20_20k_5s,203,0,32,1536,1524,795,717,12,596,606,10,0,2,0,0,0,1,4,0;0;0;0,0;0;0;0,1.401298464324817e-44;6;3;3;3;-0.6393229365348816;-0.6393229365348816;-0.6393229365348816
chirp_20_20k_5s,203,1,32,1536,1524,795,717,12,596,606,10,0,2,0,0,0,1,4,0;0;0;0,0;0;0;0,1.401298464324817e-44;6;3;3;3;-0.7005208134651184;-0.7005208134651184;-0.7005208134651184
chirp_20_20k_5s,204,0,32,1536,1523,795,716,12,686,606,-80,0,2,0,0,0,1,4,0;0;0;0,0;0;0;0,1.401298464324817e-44;6;3;3;3;-0.7005208134651184;-0.7005208134651184;-0.7005208134651184
chirp_20_20k_5s,204,1,32,1536,1523,795,716,12,686,606,-80,0,2,0,0,0,1,4,0;0;0;0,0;0;0;0,1.401298464324817e-44;6;3;3;3;-0.69921875;-0.3658854067325592;-0.69921875
chirp_20_20k_5s,205,0,32,1536,1523,795,716,12,643,570,-73,0,2,0,0,0,1,4,0;0;0;0,0;0;0;0,1.401298464324817e-44;6;3;3;3;-0.69921875;-0.3658854067325592;-0.69921875
chirp_20_20k_5s,205,1,32,1536,1523,795,716,12,643,570,-73,0,2,0,0,0,1,4,0;0;0;0,0;0;0;0,1.401298464324817e-44;6;3;3;3;0.009114583022892475;0.009114583022892475;-0.32421875
chirp_20_20k_5s,206,0,32,1536,1527,795,720,12,651,571,-80,0,2,0,0,0,1,4,0;0;0;0,0;0;0;0,1.401298464324817e-44;6;3;3;3;0.009114583022892475;0.009114583022892475;-0.32421875
chirp_20_20k_5s,206,1,32,1536,1527,795,720,12,651,571,-80,0,2,0,0,0,1,4,0;0;0;0,0;0;0;0,1.401298464324817e-44;6;3;3;3;-0.6471354365348816;-0.6471354365348816;-0.6471354365348816
chirp_20_20k_5s,207,0,32,1536,1523,795,716,12,628,614,-14,0,2,0,0,0,1,4,0;0;0;0,0;0;0;0,1.401298464324817e-44;6;3;3;3;-0.6471354365348816;-0.6471354365348816;-0.6471354365348816
chirp_20_20k_5s,207,1,32,1536,1523,795,716,12,628,614,-14,0,2,0,0,0,1,4,0;0;0;0,0;0;0;0,1.401298464324817e-44;6;3;3;3;-0.6940104365348816;-0.6940104365348816;-0.6940104365348816
chirp_20_20k_5s,208,0,32,1536,1494,795,687,12,711,585,-126,0,2,0,0,0,1,4,0;0;0;0,0;0;0;0,1.401298464324817e-44;6;3;3;3;-0.6940104365348816;-0.6940104365348816;-0.6940104365348816
chirp_20_20k_5s,208,1,32,1536,1494,795,687,12,711,585,-126,0,2,0,0,0,1,4,0;0;0;0,0;0;0;0,1.401298464324817e-44;6;3;3;3;-0.625;-0.625;-0.625
chirp_20_20k_5s,209,0,32,1536,1495,795,688,12,864,586,-278,0,2,0,0,0,1,4,0;0;0;0,0;0;0;0,1.401298464324817e-44;6;3;3;3;-0.625;-0.625;-0.625
chirp_20_20k_5s,209,1,32,1536,1495,795,688,12,864,586,-278,0,2,0,0,0,1,4,0;0;0;0,0;0;0;0,1.401298464324817e-44;6;3;3;3;-0.609375;-0.609375;-0.609375
chirp_20_20k_5s,210,0,32,1536,1524,795,717,12,907,581,-326,0,2,0,0,0,1,4,0;0;0;0,0;0;0;0,1.401298464324817e-44;6;3;3;3;-0.609375;-0.609375;-0.609375
chirp_20_20k_5s,210,1,32,1536,1524,795,717,12,907,581,-326,0,2,0,0,0,1,4,0;0;0;0,0;0;0;0,1.401298464324817e-44;6;3;3;3;-0.6979166865348816;-0.6979166865348816;-0.6979166865348816
chirp_20_20k_5s,211,0,32,1536,1520,411,1097,12,1113,995,-118,0,2,0,0,0,1,4,0;0;0;0,0;0;0;0,1.401298464324817e-44;6;3;3;3;-0.6979166865348816;-0.6979166865348816;-0.6979166865348816
chirp_20_20k_5s,211,1,32,1536,1520,411,1097,12,1113,995,-118,0,2,0,0,0,1,4,0;0;0;0,0;0;0;0,1.401298464324817e-44;6;3;3;3;-0.6770833134651184;-0.6770833134651184;-0.6770833134651184
chirp_20_20k_5s,212,0,32,1536,1520,411,1097,12,977,995,18,0,2,0,0,0,1,4,0;0;0;0,0;0;0;0,1.401298464324817e-44;6;3;3;3;-0.6770833134651184;-0.6770833134651184;-0.6770833134651184
chirp_20_20k_5s,212,1,32,1536,1520,411,1097,12,977,995,18,0,2,0,0,0,1,4,0;0;0;0,0;0;0;0,1.401298464324817e-44;6;3;3;3;-0.6419270634651184;-0.6419270634651184;-0.6419270634651184
chirp_20_20k_5s,213,0,32,1536,1527,411,1104,12,976,1002,26,0,2,0,0,0,1,4,0;0;0;0,0;0;0;0,1.401298464324817e-44;6;3;3;3;-0.6419270634651184;-0.6419270634651184;-0.6419270634651184
chirp_20_20k_5s,213,1,32,1536,1527,411,1104,12,976,1002,26,0,2,0,0,0,1,4,0;0;0;0,0;0;0;0,1.401298464324817e-44;6;3;3;3;-0.6796875;-0.3463541567325592;-0.6796875
chirp_20_20k_5s,214,0,32,1536,1524,411,1101,12,685,975,290,0,2,0,0,0,1,4,0;0;0;0,0;0;0;0,1.401298464324817e-44;6;3;3;3;-0.6796875;-0.3463541567325592;-0.6796875
chirp_20_20k_5s,214,1,32,1536,1524,411,1101,12,685,975,290,0,2,0,0,0,1,4,0;0;0;0,0;0;0;0,1.401298464324817e-44;6;3;3;3;-0.3372395932674408;-0.6705729365348816;-0.6705729365348816
chirp_20_20k_5s,215,0,32,1536,1495,411,1072,12,712,934,222,0,2,0,0,0,1,4,0;0;0;0,0;0;0;0,1.401298464324817e-44;6;3;3;3;-0.3372395932674408;-0.6705729365348816;-0.6705729365348816
chirp_20_20k_5s,215,1,32,1536,1495,411,1072,12,712,934,222,0,2,0,0,0,1,4,0;0;0;0,0;0;0;0,1.401298464324817e-44;6;3;3;3;-0.6015625;-0.6015625;-0.6015625
chirp_20_20k_5s,216,0,32,1536,1517,411,1094,12,737,992,255,0,2,0,0,0,1,4,0;0;0;0,0;0;0;0,1.401298464324817e-44;6;3;3;3;-0.6015625;-0.6015625;-0.6015625
chirp_20_20k_5s,216,1,32,1536,1517,411,1094,12,737,992,255,0,2,0,0,0,1,4,0;0;0;0,0;0;0;0,1.401298464324817e-44;6;3;3;3;-0.6497395634651184;-0.6497395634651184;-0.6497395634651184
chirp_20_20k_5s,217,0,32,1536,1526,411,1103,12,701,965,264,0,2,0,0,0,1,4,0;0;0;0,0;0;0;0,1.401298464324817e-44;6;3;3;3;-0.6497395634651184;-0.6497395634651184;-0.6497395634651184
chirp_20_20k_5s,217,1,32,1536,1526,411,1103,12,701,965,264,0,2,0,0,0,1,4,0;0;0;0,0;0;0;0,1.401298464324817e-44;6;3;3;3;-0.69140625;-0.69140625;-0.69140625
chirp_20_20k_5s,217,0,29,1536,1528,5,1433,90,1324,1333,9,0,0,0,0,0,0,3,17;16;17;17,7;2;1;1,1.401298464324817e-44;0;0;0;0;0;0;0
chirp_20_20k_5s,217,1,29,1536,1528,5,1433,90,1324,1333,9,0,0,0,0,0,1,3,17;16;17;17,7;2;1;1,1.401298464324817e-44;6;0.5446966886520386;0.5446966886520386;0.5446966886520386;0.5446966886520386;0.5446966886520386;0.5446966886520386
chirp_20_20k_5s,217,0,29,1536,1527,5,1513,9,1606,1347,-259,0,0,0,0,0,1,3,10;11;10;10,5;1;2;1,1.401298464324817e-44;6;0.5446966886520386;0.5446966886520386;0.5446966886520386;0.5446966886520386;0.5446966886520386;0.5446966886520386
chirp_20_20k_5s,217,1,29,1536,1527,5,1513,9,1606,1347,-259,0,0,0,0,0,1,3,10;11;10;10,5;1;2;1,1.401298464324817e-44;6;0.5106059908866882;0.5106059908866882;0.5106059908866882;0.5106059908866882;0.5106059908866882;0.5106059908866882
